"eclosion"	"variant"	"vial"	"time"	"count"	"condition"
"1"	"WT"	"1"	36	4	"Experiment"
"1"	"WT"	"1"	48	11	"Experiment"
"1"	"WT"	"1"	60	3	"Experiment"
"1"	"WT"	"1"	72	9	"Experiment"
"1"	"WT"	"1"	84	3	"Experiment"
"1"	"WT"	"3"	24	3	"Experiment"
"1"	"WT"	"3"	36	3	"Experiment"
"1"	"WT"	"3"	48	4	"Experiment"
"1"	"WT"	"3"	60	3	"Experiment"
"1"	"WT"	"3"	72	3	"Experiment"
"1"	"WT"	"3"	84	3	"Experiment"
"1"	"WT"	"6"	24	2	"Experiment"
"1"	"WT"	"6"	48	9	"Experiment"
"1"	"WT"	"6"	60	1	"Experiment"
"1"	"WT"	"6"	72	6	"Experiment"
"1"	"WT"	"6"	84	2	"Experiment"
"1"	"WT"	"7"	0	1	"Experiment"
"1"	"WT"	"7"	24	4	"Experiment"
"1"	"WT"	"7"	36	6	"Experiment"
"1"	"WT"	"7"	48	7	"Experiment"
"1"	"WT"	"7"	60	3	"Experiment"
"1"	"WT"	"7"	72	5	"Experiment"
"1"	"WT"	"7"	84	4	"Experiment"
"1"	"WT"	"1"	0	5	"Control"
"1"	"WT"	"1"	12	5	"Control"
"1"	"WT"	"1"	24	8	"Control"
"1"	"WT"	"1"	48	2	"Control"
"1"	"WT"	"1"	84	1	"Control"
"1"	"WT"	"3"	0	6	"Control"
"1"	"WT"	"3"	12	6	"Control"
"1"	"WT"	"3"	24	12	"Control"
"1"	"WT"	"3"	36	1	"Control"
"1"	"WT"	"3"	48	3	"Control"
"1"	"WT"	"3"	84	1	"Control"
"1"	"WT"	"6"	0	7	"Control"
"1"	"WT"	"6"	12	7	"Control"
"1"	"WT"	"6"	24	11	"Control"
"1"	"WT"	"6"	36	1	"Control"
"1"	"WT"	"6"	48	3	"Control"
"1"	"WT"	"7"	0	8	"Control"
"1"	"WT"	"7"	12	8	"Control"
"1"	"WT"	"7"	24	5	"Control"
"1"	"WT"	"7"	36	7	"Control"
"1"	"WT"	"7"	48	1	"Control"
"1"	"WT"	"7"	72	2	"Control"
"1"	"D326N"	"1"	12	4	"Experiment"
"1"	"D326N"	"1"	24	14	"Experiment"
"1"	"D326N"	"1"	36	3	"Experiment"
"1"	"D326N"	"1"	48	1	"Experiment"
"1"	"D326N"	"3"	0	2	"Experiment"
"1"	"D326N"	"3"	12	7	"Experiment"
"1"	"D326N"	"3"	24	8	"Experiment"
"1"	"D326N"	"3"	36	3	"Experiment"
"1"	"D326N"	"3"	48	1	"Experiment"
"1"	"D326N"	"3"	60	1	"Experiment"
"1"	"D326N"	"3"	72	1	"Experiment"
"1"	"D326N"	"6"	12	5	"Experiment"
"1"	"D326N"	"6"	24	12	"Experiment"
"1"	"D326N"	"6"	36	1	"Experiment"
"1"	"D326N"	"7"	0	2	"Experiment"
"1"	"D326N"	"7"	12	11	"Experiment"
"1"	"D326N"	"7"	24	15	"Experiment"
"1"	"D326N"	"7"	36	2	"Experiment"
"1"	"D326N"	"7"	48	3	"Experiment"
"1"	"D326N"	"1"	12	5	"Control"
"1"	"D326N"	"1"	24	12	"Control"
"1"	"D326N"	"1"	36	3	"Control"
"1"	"D326N"	"1"	48	2	"Control"
"1"	"D326N"	"1"	60	2	"Control"
"1"	"D326N"	"3"	0	2	"Control"
"1"	"D326N"	"3"	12	4	"Control"
"1"	"D326N"	"3"	24	11	"Control"
"1"	"D326N"	"3"	36	2	"Control"
"1"	"D326N"	"3"	48	3	"Control"
"1"	"D326N"	"3"	60	1	"Control"
"1"	"D326N"	"6"	0	1	"Control"
"1"	"D326N"	"6"	12	3	"Control"
"1"	"D326N"	"6"	24	18	"Control"
"1"	"D326N"	"6"	36	2	"Control"
"1"	"D326N"	"6"	48	3	"Control"
"1"	"D326N"	"7"	0	4	"Control"
"1"	"D326N"	"7"	12	9	"Control"
"1"	"D326N"	"7"	24	11	"Control"
"1"	"D326N"	"7"	36	3	"Control"
"1"	"D326N"	"7"	48	4	"Control"
"1"	"D326N"	"7"	60	1	"Control"
"1"	"D326N"	"7"	84	1	"Control"
"1"	"C124S"	"3"	0	14	"Experiment"
"1"	"C124S"	"3"	12	5	"Experiment"
"1"	"C124S"	"3"	24	2	"Experiment"
"1"	"C124S"	"3"	36	2	"Experiment"
"1"	"C124S"	"6"	0	11	"Experiment"
"1"	"C124S"	"6"	12	3	"Experiment"
"1"	"C124S"	"6"	24	8	"Experiment"
"1"	"C124S"	"6"	72	1	"Experiment"
"1"	"C124S"	"7"	0	6	"Experiment"
"1"	"C124S"	"7"	12	8	"Experiment"
"1"	"C124S"	"7"	24	7	"Experiment"
"1"	"C124S"	"7"	36	1	"Experiment"
"1"	"C124S"	"7"	48	1	"Experiment"
"1"	"C124S"	"3"	0	9	"Control"
"1"	"C124S"	"3"	12	3	"Control"
"1"	"C124S"	"3"	24	4	"Control"
"1"	"C124S"	"3"	36	2	"Control"
"1"	"C124S"	"6"	0	7	"Control"
"1"	"C124S"	"6"	12	5	"Control"
"1"	"C124S"	"6"	24	3	"Control"
"1"	"C124S"	"6"	36	1	"Control"
"1"	"C124S"	"6"	84	1	"Control"
"1"	"C124S"	"7"	0	3	"Control"
"1"	"C124S"	"7"	12	5	"Control"
"1"	"C124S"	"7"	24	8	"Control"
"1"	"C124S"	"7"	60	2	"Control"
"1"	"C124S"	"7"	84	1	"Control"
"1"	"attp2"	"3"	0	8	"Experiment"
"1"	"attp2"	"3"	12	15	"Experiment"
"1"	"attp2"	"3"	24	10	"Experiment"
"1"	"attp2"	"3"	48	3	"Experiment"
"1"	"attp2"	"6"	0	9	"Experiment"
"1"	"attp2"	"6"	12	10	"Experiment"
"1"	"attp2"	"6"	24	8	"Experiment"
"1"	"attp2"	"6"	48	3	"Experiment"
"1"	"attp2"	"7"	0	3	"Experiment"
"1"	"attp2"	"7"	12	7	"Experiment"
"1"	"attp2"	"7"	24	8	"Experiment"
"1"	"attp2"	"7"	36	6	"Experiment"
"1"	"attp2"	"7"	48	2	"Experiment"
"1"	"attp2"	"7"	60	1	"Experiment"
"1"	"attp2"	"7"	72	1	"Experiment"
"1"	"attp2"	"3"	0	3	"Control"
"1"	"attp2"	"3"	12	9	"Control"
"1"	"attp2"	"3"	24	6	"Control"
"1"	"attp2"	"3"	60	1	"Control"
"1"	"attp2"	"3"	72	2	"Control"
"1"	"attp2"	"6"	12	7	"Control"
"1"	"attp2"	"6"	24	11	"Control"
"1"	"attp2"	"6"	36	1	"Control"
"1"	"attp2"	"6"	48	4	"Control"
"1"	"attp2"	"6"	72	2	"Control"
"1"	"attp2"	"7"	0	4	"Control"
"1"	"attp2"	"7"	12	6	"Control"
"1"	"attp2"	"7"	24	19	"Control"
"1"	"attp2"	"7"	36	1	"Control"
"1"	"attp2"	"7"	48	5	"Control"
"2"	"WT"	"3"	12	1	"Experiment"
"2"	"WT"	"3"	24	3	"Experiment"
"2"	"WT"	"3"	36	3	"Experiment"
"2"	"WT"	"3"	48	1	"Experiment"
"2"	"WT"	"3"	60	5	"Experiment"
"2"	"WT"	"3"	72	3	"Experiment"
"2"	"WT"	"3"	84	2	"Experiment"
"2"	"WT"	"6"	12	1	"Experiment"
"2"	"WT"	"6"	24	2	"Experiment"
"2"	"WT"	"6"	36	5	"Experiment"
"2"	"WT"	"6"	48	2	"Experiment"
"2"	"WT"	"6"	60	4	"Experiment"
"2"	"WT"	"6"	72	2	"Experiment"
"2"	"WT"	"6"	84	2	"Experiment"
"2"	"WT"	"7"	12	2	"Experiment"
"2"	"WT"	"7"	24	3	"Experiment"
"2"	"WT"	"7"	36	4	"Experiment"
"2"	"WT"	"7"	48	2	"Experiment"
"2"	"WT"	"7"	60	5	"Experiment"
"2"	"WT"	"7"	72	4	"Experiment"
"2"	"WT"	"7"	84	2	"Experiment"
"2"	"WT"	"3"	0	3	"Control"
"2"	"WT"	"3"	12	1	"Control"
"2"	"WT"	"3"	24	2	"Control"
"2"	"WT"	"3"	48	5	"Control"
"2"	"WT"	"6"	12	3	"Control"
"2"	"WT"	"6"	24	1	"Control"
"2"	"WT"	"6"	36	2	"Control"
"2"	"WT"	"6"	48	3	"Control"
"2"	"WT"	"6"	60	1	"Control"
"2"	"WT"	"6"	72	1	"Control"
"2"	"WT"	"7"	0	1	"Control"
"2"	"WT"	"7"	12	5	"Control"
"2"	"WT"	"7"	24	2	"Control"
"2"	"WT"	"7"	36	2	"Control"
"2"	"WT"	"7"	48	2	"Control"
"2"	"WT"	"7"	60	2	"Control"
"2"	"attp2"	"3"	0	3	"Experiment"
"2"	"attp2"	"3"	12	17	"Experiment"
"2"	"attp2"	"3"	24	2	"Experiment"
"2"	"attp2"	"3"	36	7	"Experiment"
"2"	"attp2"	"3"	72	2	"Experiment"
"2"	"attp2"	"6"	0	2	"Experiment"
"2"	"attp2"	"6"	12	15	"Experiment"
"2"	"attp2"	"6"	24	4	"Experiment"
"2"	"attp2"	"6"	36	7	"Experiment"
"2"	"attp2"	"6"	48	2	"Experiment"
"2"	"attp2"	"6"	60	2	"Experiment"
"2"	"attp2"	"7"	0	2	"Experiment"
"2"	"attp2"	"7"	12	20	"Experiment"
"2"	"attp2"	"7"	24	13	"Experiment"
"2"	"attp2"	"7"	36	6	"Experiment"
"2"	"attp2"	"7"	60	1	"Experiment"
"2"	"attp2"	"7"	72	1	"Experiment"
"2"	"attp2"	"3"	0	2	"Control"
"2"	"attp2"	"3"	12	8	"Control"
"2"	"attp2"	"3"	24	5	"Control"
"2"	"attp2"	"3"	36	2	"Control"
"2"	"attp2"	"3"	48	1	"Control"
"2"	"attp2"	"3"	60	2	"Control"
"2"	"attp2"	"3"	84	1	"Control"
"2"	"attp2"	"6"	0	2	"Control"
"2"	"attp2"	"6"	12	7	"Control"
"2"	"attp2"	"6"	24	3	"Control"
"2"	"attp2"	"6"	36	3	"Control"
"2"	"attp2"	"6"	60	3	"Control"
"2"	"attp2"	"7"	0	2	"Control"
"2"	"attp2"	"7"	12	8	"Control"
"2"	"attp2"	"7"	24	6	"Control"
"2"	"attp2"	"7"	36	4	"Control"
"2"	"attp2"	"7"	48	3	"Control"
"2"	"attp2"	"7"	60	1	"Control"
"2"	"attp2"	"7"	72	1	"Control"
"2"	"C124S"	"3"	0	8	"Experiment"
"2"	"C124S"	"3"	12	17	"Experiment"
"2"	"C124S"	"3"	24	8	"Experiment"
"2"	"C124S"	"3"	36	3	"Experiment"
"2"	"C124S"	"3"	48	3	"Experiment"
"2"	"C124S"	"6"	0	8	"Experiment"
"2"	"C124S"	"6"	12	10	"Experiment"
"2"	"C124S"	"6"	24	4	"Experiment"
"2"	"C124S"	"6"	36	5	"Experiment"
"2"	"C124S"	"6"	48	1	"Experiment"
"2"	"C124S"	"6"	72	1	"Experiment"
"2"	"C124S"	"7"	0	6	"Experiment"
"2"	"C124S"	"7"	12	14	"Experiment"
"2"	"C124S"	"7"	24	10	"Experiment"
"2"	"C124S"	"7"	36	5	"Experiment"
"2"	"C124S"	"7"	48	2	"Experiment"
"2"	"C124S"	"3"	0	4	"Control"
"2"	"C124S"	"3"	12	8	"Control"
"2"	"C124S"	"3"	24	6	"Control"
"2"	"C124S"	"3"	36	2	"Control"
"2"	"C124S"	"3"	48	4	"Control"
"2"	"C124S"	"3"	60	1	"Control"
"2"	"C124S"	"6"	0	3	"Control"
"2"	"C124S"	"6"	12	11	"Control"
"2"	"C124S"	"6"	24	8	"Control"
"2"	"C124S"	"6"	36	5	"Control"
"2"	"C124S"	"6"	60	1	"Control"
"2"	"C124S"	"7"	0	4	"Control"
"2"	"C124S"	"7"	12	12	"Control"
"2"	"C124S"	"7"	24	5	"Control"
"2"	"C124S"	"7"	36	3	"Control"
"2"	"C124S"	"7"	48	2	"Control"
"2"	"C124S"	"7"	60	1	"Control"
"2"	"D252G"	"3"	12	2	"Experiment"
"2"	"D252G"	"3"	24	4	"Experiment"
"2"	"D252G"	"3"	36	8	"Experiment"
"2"	"D252G"	"3"	48	5	"Experiment"
"2"	"D252G"	"6"	24	8	"Experiment"
"2"	"D252G"	"6"	36	10	"Experiment"
"2"	"D252G"	"6"	48	4	"Experiment"
"2"	"D252G"	"6"	84	1	"Experiment"
"2"	"D252G"	"7"	12	6	"Experiment"
"2"	"D252G"	"7"	24	14	"Experiment"
"2"	"D252G"	"7"	36	6	"Experiment"
"2"	"D252G"	"7"	48	2	"Experiment"
"2"	"D252G"	"7"	72	1	"Experiment"
"2"	"D252G"	"3"	0	11	"Control"
"2"	"D252G"	"3"	12	3	"Control"
"2"	"D252G"	"3"	24	3	"Control"
"2"	"D252G"	"3"	60	2	"Control"
"2"	"D252G"	"6"	0	9	"Control"
"2"	"D252G"	"6"	12	5	"Control"
"2"	"D252G"	"6"	24	3	"Control"
"2"	"D252G"	"6"	48	1	"Control"
"2"	"D252G"	"6"	60	1	"Control"
"2"	"D252G"	"6"	84	1	"Control"
"2"	"D252G"	"7"	0	6	"Control"
"2"	"D252G"	"7"	12	15	"Control"
"2"	"D252G"	"7"	24	3	"Control"
"2"	"D252G"	"7"	36	2	"Control"
"2"	"D252G"	"7"	60	2	"Control"
"2"	"R335X"	"3"	0	6	"Experiment"
"2"	"R335X"	"3"	12	2	"Experiment"
"2"	"R335X"	"3"	36	2	"Experiment"
"2"	"R335X"	"3"	72	1	"Experiment"
"2"	"R335X"	"6"	0	5	"Experiment"
"2"	"R335X"	"6"	12	3	"Experiment"
"2"	"R335X"	"6"	36	3	"Experiment"
"2"	"R335X"	"6"	60	1	"Experiment"
"2"	"R335X"	"6"	84	1	"Experiment"
"2"	"R335X"	"7"	0	5	"Experiment"
"2"	"R335X"	"7"	12	3	"Experiment"
"2"	"R335X"	"7"	36	2	"Experiment"
"2"	"R335X"	"7"	60	1	"Experiment"
"2"	"R335X"	"7"	72	2	"Experiment"
"2"	"R335X"	"3"	0	3	"Control"
"2"	"R335X"	"3"	12	2	"Control"
"2"	"R335X"	"3"	24	1	"Control"
"2"	"R335X"	"3"	36	1	"Control"
"2"	"R335X"	"6"	0	4	"Control"
"2"	"R335X"	"6"	12	3	"Control"
"2"	"R335X"	"6"	36	1	"Control"
"2"	"R335X"	"7"	0	4	"Control"
"2"	"R335X"	"7"	12	4	"Control"
"2"	"R335X"	"7"	36	1	"Control"
"2"	"Y180H"	"3"	24	2	"Experiment"
"2"	"Y180H"	"3"	36	5	"Experiment"
"2"	"Y180H"	"3"	48	4	"Experiment"
"2"	"Y180H"	"3"	60	1	"Experiment"
"2"	"Y180H"	"3"	72	1	"Experiment"
"2"	"Y180H"	"3"	84	1	"Experiment"
"2"	"Y180H"	"6"	24	2	"Experiment"
"2"	"Y180H"	"6"	36	8	"Experiment"
"2"	"Y180H"	"6"	48	5	"Experiment"
"2"	"Y180H"	"6"	60	2	"Experiment"
"2"	"Y180H"	"6"	72	1	"Experiment"
"2"	"Y180H"	"7"	12	2	"Experiment"
"2"	"Y180H"	"7"	24	6	"Experiment"
"2"	"Y180H"	"7"	36	5	"Experiment"
"2"	"Y180H"	"7"	48	4	"Experiment"
"2"	"Y180H"	"7"	60	2	"Experiment"
"2"	"Y180H"	"7"	72	1	"Experiment"
"2"	"Y180H"	"3"	0	4	"Control"
"2"	"Y180H"	"3"	12	6	"Control"
"2"	"Y180H"	"3"	24	1	"Control"
"2"	"Y180H"	"3"	36	1	"Control"
"2"	"Y180H"	"3"	60	2	"Control"
"2"	"Y180H"	"6"	0	4	"Control"
"2"	"Y180H"	"6"	12	9	"Control"
"2"	"Y180H"	"6"	24	2	"Control"
"2"	"Y180H"	"6"	60	1	"Control"
"2"	"Y180H"	"7"	0	5	"Control"
"2"	"Y180H"	"7"	12	5	"Control"
"2"	"Y180H"	"7"	24	3	"Control"
"2"	"Y180H"	"7"	36	1	"Control"
"2"	"Y180H"	"7"	60	2	"Control"
"2"	"H93Q"	"3"	0	11	"Experiment"
"2"	"H93Q"	"3"	12	9	"Experiment"
"2"	"H93Q"	"3"	24	8	"Experiment"
"2"	"H93Q"	"3"	36	1	"Experiment"
"2"	"H93Q"	"3"	60	1	"Experiment"
"2"	"H93Q"	"3"	72	1	"Experiment"
"2"	"H93Q"	"6"	0	8	"Experiment"
"2"	"H93Q"	"6"	12	13	"Experiment"
"2"	"H93Q"	"6"	24	1	"Experiment"
"2"	"H93Q"	"6"	36	2	"Experiment"
"2"	"H93Q"	"6"	72	1	"Experiment"
"2"	"H93Q"	"7"	0	7	"Experiment"
"2"	"H93Q"	"7"	12	12	"Experiment"
"2"	"H93Q"	"7"	24	7	"Experiment"
"2"	"H93Q"	"7"	36	2	"Experiment"
"2"	"H93Q"	"7"	48	1	"Experiment"
"2"	"H93Q"	"7"	72	1	"Experiment"
"2"	"H93Q"	"7"	84	1	"Experiment"
"2"	"H93Q"	"3"	0	6	"Control"
"2"	"H93Q"	"3"	12	11	"Control"
"2"	"H93Q"	"3"	24	6	"Control"
"2"	"H93Q"	"3"	60	1	"Control"
"2"	"H93Q"	"6"	0	5	"Control"
"2"	"H93Q"	"6"	12	14	"Control"
"2"	"H93Q"	"6"	24	5	"Control"
"2"	"H93Q"	"6"	36	2	"Control"
"2"	"H93Q"	"6"	60	1	"Control"
"2"	"H93Q"	"7"	0	3	"Control"
"2"	"H93Q"	"7"	12	7	"Control"
"2"	"H93Q"	"7"	24	4	"Control"
"2"	"H93Q"	"7"	36	1	"Control"
"2"	"W274L"	"3"	12	1	"Experiment"
"2"	"W274L"	"3"	24	2	"Experiment"
"2"	"W274L"	"3"	36	5	"Experiment"
"2"	"W274L"	"3"	48	3	"Experiment"
"2"	"W274L"	"3"	60	1	"Experiment"
"2"	"W274L"	"6"	12	3	"Experiment"
"2"	"W274L"	"6"	24	1	"Experiment"
"2"	"W274L"	"6"	36	4	"Experiment"
"2"	"W274L"	"6"	48	5	"Experiment"
"2"	"W274L"	"6"	60	2	"Experiment"
"2"	"W274L"	"6"	72	2	"Experiment"
"2"	"W274L"	"6"	84	1	"Experiment"
"2"	"W274L"	"7"	0	1	"Experiment"
"2"	"W274L"	"7"	12	3	"Experiment"
"2"	"W274L"	"7"	24	3	"Experiment"
"2"	"W274L"	"7"	36	6	"Experiment"
"2"	"W274L"	"7"	48	4	"Experiment"
"2"	"W274L"	"7"	60	2	"Experiment"
"2"	"W274L"	"7"	72	2	"Experiment"
"2"	"W274L"	"3"	0	6	"Control"
"2"	"W274L"	"3"	12	5	"Control"
"2"	"W274L"	"3"	24	2	"Control"
"2"	"W274L"	"3"	36	1	"Control"
"2"	"W274L"	"3"	48	1	"Control"
"2"	"W274L"	"6"	0	7	"Control"
"2"	"W274L"	"6"	12	4	"Control"
"2"	"W274L"	"6"	24	3	"Control"
"2"	"W274L"	"6"	36	1	"Control"
"2"	"W274L"	"7"	0	5	"Control"
"2"	"W274L"	"7"	12	4	"Control"
"2"	"W274L"	"7"	24	2	"Control"
"2"	"W274L"	"7"	36	2	"Control"
"2"	"V255A"	"3"	0	6	"Experiment"
"2"	"V255A"	"3"	12	16	"Experiment"
"2"	"V255A"	"3"	24	9	"Experiment"
"2"	"V255A"	"3"	36	4	"Experiment"
"2"	"V255A"	"3"	48	1	"Experiment"
"2"	"V255A"	"3"	60	2	"Experiment"
"2"	"V255A"	"6"	0	6	"Experiment"
"2"	"V255A"	"6"	12	12	"Experiment"
"2"	"V255A"	"6"	24	10	"Experiment"
"2"	"V255A"	"6"	36	2	"Experiment"
"2"	"V255A"	"6"	48	2	"Experiment"
"2"	"V255A"	"6"	60	2	"Experiment"
"2"	"V255A"	"7"	0	6	"Experiment"
"2"	"V255A"	"7"	12	8	"Experiment"
"2"	"V255A"	"7"	24	7	"Experiment"
"2"	"V255A"	"7"	36	10	"Experiment"
"2"	"V255A"	"7"	48	1	"Experiment"
"2"	"V255A"	"7"	60	1	"Experiment"
"2"	"V255A"	"7"	72	1	"Experiment"
"2"	"V255A"	"3"	0	9	"Control"
"2"	"V255A"	"3"	12	9	"Control"
"2"	"V255A"	"3"	24	2	"Control"
"2"	"V255A"	"3"	36	2	"Control"
"2"	"V255A"	"6"	0	10	"Control"
"2"	"V255A"	"6"	12	9	"Control"
"2"	"V255A"	"6"	24	4	"Control"
"2"	"V255A"	"6"	36	1	"Control"
"2"	"V255A"	"6"	48	1	"Control"
"2"	"V255A"	"6"	84	1	"Control"
"2"	"V255A"	"7"	0	5	"Control"
"2"	"V255A"	"7"	12	7	"Control"
"2"	"V255A"	"7"	24	4	"Control"
"2"	"I135T"	"3"	12	1	"Experiment"
"2"	"I135T"	"3"	24	2	"Experiment"
"2"	"I135T"	"3"	36	10	"Experiment"
"2"	"I135T"	"3"	48	6	"Experiment"
"2"	"I135T"	"3"	60	4	"Experiment"
"2"	"I135T"	"3"	72	2	"Experiment"
"2"	"I135T"	"6"	24	2	"Experiment"
"2"	"I135T"	"6"	36	8	"Experiment"
"2"	"I135T"	"6"	48	10	"Experiment"
"2"	"I135T"	"6"	60	7	"Experiment"
"2"	"I135T"	"6"	72	2	"Experiment"
"2"	"I135T"	"7"	12	1	"Experiment"
"2"	"I135T"	"7"	24	5	"Experiment"
"2"	"I135T"	"7"	36	13	"Experiment"
"2"	"I135T"	"7"	48	4	"Experiment"
"2"	"I135T"	"7"	60	9	"Experiment"
"2"	"I135T"	"7"	72	3	"Experiment"
"2"	"I135T"	"3"	0	2	"Control"
"2"	"I135T"	"3"	12	2	"Control"
"2"	"I135T"	"3"	24	8	"Control"
"2"	"I135T"	"3"	36	5	"Control"
"2"	"I135T"	"3"	48	3	"Control"
"2"	"I135T"	"3"	60	2	"Control"
"2"	"I135T"	"3"	72	2	"Control"
"2"	"I135T"	"6"	12	4	"Control"
"2"	"I135T"	"6"	24	7	"Control"
"2"	"I135T"	"6"	36	8	"Control"
"2"	"I135T"	"6"	48	3	"Control"
"2"	"I135T"	"6"	60	3	"Control"
"2"	"I135T"	"7"	0	2	"Control"
"2"	"I135T"	"7"	12	7	"Control"
"2"	"I135T"	"7"	24	7	"Control"
"2"	"I135T"	"7"	36	7	"Control"
"2"	"I135T"	"7"	48	4	"Control"
"2"	"I135T"	"7"	60	2	"Control"
"2"	"I135T"	"7"	72	1	"Control"
"2"	"T131I"	"3"	0	5	"Experiment"
"2"	"T131I"	"3"	12	7	"Experiment"
"2"	"T131I"	"3"	24	3	"Experiment"
"2"	"T131I"	"3"	36	1	"Experiment"
"2"	"T131I"	"3"	48	1	"Experiment"
"2"	"T131I"	"3"	60	1	"Experiment"
"2"	"T131I"	"6"	0	6	"Experiment"
"2"	"T131I"	"6"	12	12	"Experiment"
"2"	"T131I"	"6"	24	3	"Experiment"
"2"	"T131I"	"6"	36	2	"Experiment"
"2"	"T131I"	"6"	60	1	"Experiment"
"2"	"T131I"	"6"	72	1	"Experiment"
"2"	"T131I"	"7"	0	4	"Experiment"
"2"	"T131I"	"7"	12	13	"Experiment"
"2"	"T131I"	"7"	24	6	"Experiment"
"2"	"T131I"	"7"	48	1	"Experiment"
"2"	"T131I"	"7"	60	2	"Experiment"
"2"	"T131I"	"3"	0	4	"Control"
"2"	"T131I"	"3"	12	10	"Control"
"2"	"T131I"	"3"	24	3	"Control"
"2"	"T131I"	"3"	36	2	"Control"
"2"	"T131I"	"6"	0	5	"Control"
"2"	"T131I"	"6"	12	11	"Control"
"2"	"T131I"	"6"	24	4	"Control"
"2"	"T131I"	"6"	48	2	"Control"
"2"	"T131I"	"7"	0	3	"Control"
"2"	"T131I"	"7"	12	11	"Control"
"2"	"T131I"	"7"	24	7	"Control"
"2"	"T131I"	"7"	36	3	"Control"
"2"	"T131I"	"7"	48	1	"Control"
"2"	"R130X"	"3"	0	4	"Experiment"
"2"	"R130X"	"3"	12	15	"Experiment"
"2"	"R130X"	"3"	24	3	"Experiment"
"2"	"R130X"	"3"	36	1	"Experiment"
"2"	"R130X"	"3"	60	1	"Experiment"
"2"	"R130X"	"3"	72	1	"Experiment"
"2"	"R130X"	"6"	12	8	"Experiment"
"2"	"R130X"	"6"	24	4	"Experiment"
"2"	"R130X"	"6"	36	1	"Experiment"
"2"	"R130X"	"6"	60	1	"Experiment"
"2"	"R130X"	"7"	0	2	"Experiment"
"2"	"R130X"	"7"	12	13	"Experiment"
"2"	"R130X"	"7"	24	5	"Experiment"
"2"	"R130X"	"7"	36	2	"Experiment"
"2"	"R130X"	"7"	60	3	"Experiment"
"2"	"R130X"	"3"	0	2	"Control"
"2"	"R130X"	"3"	12	4	"Control"
"2"	"R130X"	"3"	24	3	"Control"
"2"	"R130X"	"3"	36	2	"Control"
"2"	"R130X"	"3"	60	3	"Control"
"2"	"R130X"	"6"	12	6	"Control"
"2"	"R130X"	"6"	24	5	"Control"
"2"	"R130X"	"6"	36	2	"Control"
"2"	"R130X"	"6"	60	1	"Control"
"2"	"R130X"	"7"	0	2	"Control"
"2"	"R130X"	"7"	12	9	"Control"
"2"	"R130X"	"7"	24	9	"Control"
"2"	"R130X"	"7"	36	2	"Control"
"2"	"R130X"	"7"	48	1	"Control"
"2"	"R130X"	"7"	60	1	"Control"
"3"	"C124S-4A"	"3"	0	12	"Experiment"
"3"	"C124S-4A"	"3"	12	9	"Experiment"
"3"	"C124S-4A"	"3"	24	3	"Experiment"
"3"	"C124S-4A"	"3"	48	1	"Experiment"
"3"	"C124S-4A"	"3"	72	1	"Experiment"
"3"	"C124S-4A"	"6"	0	7	"Experiment"
"3"	"C124S-4A"	"6"	12	10	"Experiment"
"3"	"C124S-4A"	"6"	24	4	"Experiment"
"3"	"C124S-4A"	"6"	36	2	"Experiment"
"3"	"C124S-4A"	"6"	48	1	"Experiment"
"3"	"C124S-4A"	"7"	0	7	"Experiment"
"3"	"C124S-4A"	"7"	12	9	"Experiment"
"3"	"C124S-4A"	"7"	24	3	"Experiment"
"3"	"C124S-4A"	"7"	36	2	"Experiment"
"3"	"C124S-4A"	"7"	48	2	"Experiment"
"3"	"C124S-4A"	"7"	84	1	"Experiment"
"3"	"C124S-4A"	"3"	0	7	"Control"
"3"	"C124S-4A"	"3"	12	12	"Control"
"3"	"C124S-4A"	"3"	24	6	"Control"
"3"	"C124S-4A"	"3"	36	2	"Control"
"3"	"C124S-4A"	"6"	0	3	"Control"
"3"	"C124S-4A"	"6"	12	5	"Control"
"3"	"C124S-4A"	"6"	24	7	"Control"
"3"	"C124S-4A"	"6"	36	2	"Control"
"3"	"C124S-4A"	"6"	48	1	"Control"
"3"	"C124S-4A"	"7"	0	5	"Control"
"3"	"C124S-4A"	"7"	12	9	"Control"
"3"	"C124S-4A"	"7"	24	14	"Control"
"3"	"C124S-4A"	"7"	36	1	"Control"
"3"	"C124S-4A"	"7"	48	1	"Control"
"3"	"Y138L"	"3"	12	2	"Experiment"
"3"	"Y138L"	"3"	24	13	"Experiment"
"3"	"Y138L"	"3"	36	9	"Experiment"
"3"	"Y138L"	"6"	12	2	"Experiment"
"3"	"Y138L"	"6"	24	11	"Experiment"
"3"	"Y138L"	"6"	36	7	"Experiment"
"3"	"Y138L"	"6"	48	4	"Experiment"
"3"	"Y138L"	"7"	12	3	"Experiment"
"3"	"Y138L"	"7"	24	11	"Experiment"
"3"	"Y138L"	"7"	36	9	"Experiment"
"3"	"Y138L"	"7"	48	5	"Experiment"
"3"	"Y138L"	"3"	0	3	"Control"
"3"	"Y138L"	"3"	12	11	"Control"
"3"	"Y138L"	"3"	24	9	"Control"
"3"	"Y138L"	"3"	36	2	"Control"
"3"	"Y138L"	"3"	48	2	"Control"
"3"	"Y138L"	"6"	0	2	"Control"
"3"	"Y138L"	"6"	12	10	"Control"
"3"	"Y138L"	"6"	24	9	"Control"
"3"	"Y138L"	"6"	36	1	"Control"
"3"	"Y138L"	"7"	0	2	"Control"
"3"	"Y138L"	"7"	12	13	"Control"
"3"	"Y138L"	"7"	24	9	"Control"
"3"	"Y138L"	"7"	36	2	"Control"
"3"	"Y138L"	"7"	48	3	"Control"
"3"	"H123Y"	"3"	0	3	"Experiment"
"3"	"H123Y"	"3"	12	7	"Experiment"
"3"	"H123Y"	"3"	24	6	"Experiment"
"3"	"H123Y"	"3"	36	3	"Experiment"
"3"	"H123Y"	"3"	48	1	"Experiment"
"3"	"H123Y"	"7"	0	3	"Experiment"
"3"	"H123Y"	"7"	12	5	"Experiment"
"3"	"H123Y"	"7"	24	7	"Experiment"
"3"	"H123Y"	"7"	36	1	"Experiment"
"3"	"H123Y"	"7"	48	2	"Experiment"
"3"	"H123Y"	"6"	0	3	"Control"
"3"	"H123Y"	"6"	12	4	"Control"
"3"	"H123Y"	"6"	24	10	"Control"
"3"	"H123Y"	"6"	36	6	"Control"
"3"	"H123Y"	"7"	0	3	"Control"
"3"	"H123Y"	"7"	12	6	"Control"
"3"	"H123Y"	"7"	24	8	"Control"
"3"	"H123Y"	"7"	36	4	"Control"
"3"	"L70V"	"3"	12	9	"Experiment"
"3"	"L70V"	"3"	24	17	"Experiment"
"3"	"L70V"	"3"	36	7	"Experiment"
"3"	"L70V"	"3"	48	9	"Experiment"
"3"	"L70V"	"6"	12	5	"Experiment"
"3"	"L70V"	"6"	24	11	"Experiment"
"3"	"L70V"	"6"	36	5	"Experiment"
"3"	"L70V"	"6"	48	4	"Experiment"
"3"	"L70V"	"6"	60	1	"Experiment"
"3"	"L70V"	"7"	12	7	"Experiment"
"3"	"L70V"	"7"	24	12	"Experiment"
"3"	"L70V"	"7"	36	14	"Experiment"
"3"	"L70V"	"7"	48	12	"Experiment"
"3"	"L70V"	"7"	60	2	"Experiment"
"3"	"L70V"	"3"	0	10	"Control"
"3"	"L70V"	"3"	12	9	"Control"
"3"	"L70V"	"3"	24	2	"Control"
"3"	"L70V"	"3"	36	1	"Control"
"3"	"L70V"	"3"	48	1	"Control"
"3"	"L70V"	"6"	0	4	"Control"
"3"	"L70V"	"6"	12	10	"Control"
"3"	"L70V"	"6"	36	1	"Control"
"3"	"L70V"	"6"	48	3	"Control"
"3"	"L70V"	"7"	0	7	"Control"
"3"	"L70V"	"7"	12	10	"Control"
"3"	"L70V"	"7"	24	15	"Control"
"3"	"L70V"	"7"	36	1	"Control"
"3"	"L70V"	"7"	48	2	"Control"
"3"	"P38H"	"3"	0	4	"Experiment"
"3"	"P38H"	"3"	12	15	"Experiment"
"3"	"P38H"	"3"	24	3	"Experiment"
"3"	"P38H"	"3"	36	2	"Experiment"
"3"	"P38H"	"3"	48	1	"Experiment"
"3"	"P38H"	"6"	0	2	"Experiment"
"3"	"P38H"	"6"	12	12	"Experiment"
"3"	"P38H"	"6"	24	3	"Experiment"
"3"	"P38H"	"6"	48	1	"Experiment"
"3"	"P38H"	"7"	0	3	"Experiment"
"3"	"P38H"	"7"	12	14	"Experiment"
"3"	"P38H"	"7"	24	13	"Experiment"
"3"	"P38H"	"3"	0	2	"Control"
"3"	"P38H"	"3"	12	5	"Control"
"3"	"P38H"	"3"	24	6	"Control"
"3"	"P38H"	"3"	36	3	"Control"
"3"	"P38H"	"3"	48	2	"Control"
"3"	"P38H"	"3"	72	1	"Control"
"3"	"P38H"	"6"	12	6	"Control"
"3"	"P38H"	"6"	24	4	"Control"
"3"	"P38H"	"6"	36	3	"Control"
"3"	"P38H"	"6"	48	1	"Control"
"3"	"P38H"	"7"	0	1	"Control"
"3"	"P38H"	"7"	12	9	"Control"
"3"	"P38H"	"7"	24	7	"Control"
"3"	"P38H"	"7"	36	3	"Control"
"3"	"P38H"	"7"	48	2	"Control"
"3"	"I135fs"	"3"	0	9	"Experiment"
"3"	"I135fs"	"3"	12	12	"Experiment"
"3"	"I135fs"	"3"	24	6	"Experiment"
"3"	"I135fs"	"6"	0	3	"Experiment"
"3"	"I135fs"	"6"	12	23	"Experiment"
"3"	"I135fs"	"6"	24	8	"Experiment"
"3"	"I135fs"	"6"	36	1	"Experiment"
"3"	"I135fs"	"7"	0	4	"Experiment"
"3"	"I135fs"	"7"	12	15	"Experiment"
"3"	"I135fs"	"7"	24	5	"Experiment"
"3"	"I135fs"	"3"	0	2	"Control"
"3"	"I135fs"	"3"	12	11	"Control"
"3"	"I135fs"	"3"	24	13	"Control"
"3"	"I135fs"	"6"	12	5	"Control"
"3"	"I135fs"	"6"	24	5	"Control"
"3"	"I135fs"	"6"	36	2	"Control"
"3"	"I135fs"	"6"	48	1	"Control"
"3"	"I135fs"	"7"	0	1	"Control"
"3"	"I135fs"	"7"	12	12	"Control"
"3"	"I135fs"	"7"	24	11	"Control"
"3"	"I135fs"	"7"	36	2	"Control"
"3"	"WT"	"2"	12	2	"Experiment"
"3"	"WT"	"2"	24	3	"Experiment"
"3"	"WT"	"2"	36	7	"Experiment"
"3"	"WT"	"2"	48	4	"Experiment"
"3"	"WT"	"2"	60	3	"Experiment"
"3"	"WT"	"2"	72	2	"Experiment"
"3"	"WT"	"3"	12	5	"Experiment"
"3"	"WT"	"3"	24	17	"Experiment"
"3"	"WT"	"3"	36	6	"Experiment"
"3"	"WT"	"3"	48	4	"Experiment"
"3"	"WT"	"5"	12	1	"Experiment"
"3"	"WT"	"5"	24	8	"Experiment"
"3"	"WT"	"5"	36	13	"Experiment"
"3"	"WT"	"5"	48	3	"Experiment"
"3"	"WT"	"7"	12	1	"Experiment"
"3"	"WT"	"7"	24	13	"Experiment"
"3"	"WT"	"7"	36	8	"Experiment"
"3"	"WT"	"7"	48	3	"Experiment"
"3"	"WT"	"2"	0	4	"Control"
"3"	"WT"	"2"	12	11	"Control"
"3"	"WT"	"2"	24	1	"Control"
"3"	"WT"	"3"	0	6	"Control"
"3"	"WT"	"3"	12	13	"Control"
"3"	"WT"	"3"	24	4	"Control"
"3"	"WT"	"3"	36	3	"Control"
"3"	"WT"	"5"	0	2	"Control"
"3"	"WT"	"5"	12	11	"Control"
"3"	"WT"	"5"	24	4	"Control"
"3"	"WT"	"5"	36	1	"Control"
"3"	"WT"	"7"	0	10	"Control"
"3"	"WT"	"7"	12	11	"Control"
"3"	"WT"	"7"	36	1	"Control"
"3"	"C124S"	"1"	0	3	"Experiment"
"3"	"C124S"	"1"	12	6	"Experiment"
"3"	"C124S"	"1"	24	12	"Experiment"
"3"	"C124S"	"3"	0	4	"Experiment"
"3"	"C124S"	"3"	12	14	"Experiment"
"3"	"C124S"	"3"	24	1	"Experiment"
"3"	"C124S"	"6"	0	3	"Experiment"
"3"	"C124S"	"6"	12	17	"Experiment"
"3"	"C124S"	"6"	24	3	"Experiment"
"3"	"C124S"	"6"	48	1	"Experiment"
"3"	"C124S"	"7"	0	2	"Experiment"
"3"	"C124S"	"7"	12	4	"Experiment"
"3"	"C124S"	"7"	24	1	"Experiment"
"3"	"C124S"	"1"	0	1	"Control"
"3"	"C124S"	"1"	12	3	"Control"
"3"	"C124S"	"1"	24	7	"Control"
"3"	"C124S"	"3"	0	3	"Control"
"3"	"C124S"	"3"	12	11	"Control"
"3"	"C124S"	"3"	48	1	"Control"
"3"	"C124S"	"3"	72	1	"Control"
"3"	"C124S"	"6"	12	10	"Control"
"3"	"C124S"	"6"	24	4	"Control"
"3"	"C124S"	"6"	48	1	"Control"
"3"	"C124S"	"7"	0	2	"Control"
"3"	"C124S"	"7"	12	2	"Control"
"3"	"attp2"	"2"	0	2	"Experiment"
"3"	"attp2"	"2"	12	16	"Experiment"
"3"	"attp2"	"2"	24	1	"Experiment"
"3"	"attp2"	"2"	36	5	"Experiment"
"3"	"attp2"	"2"	48	2	"Experiment"
"3"	"attp2"	"3"	0	4	"Experiment"
"3"	"attp2"	"3"	12	9	"Experiment"
"3"	"attp2"	"3"	24	5	"Experiment"
"3"	"attp2"	"3"	36	1	"Experiment"
"3"	"attp2"	"4"	12	13	"Experiment"
"3"	"attp2"	"4"	24	4	"Experiment"
"3"	"attp2"	"4"	36	11	"Experiment"
"3"	"attp2"	"4"	48	1	"Experiment"
"3"	"attp2"	"7"	0	3	"Experiment"
"3"	"attp2"	"7"	12	16	"Experiment"
"3"	"attp2"	"7"	24	10	"Experiment"
"3"	"attp2"	"7"	36	1	"Experiment"
"3"	"attp2"	"2"	0	1	"Control"
"3"	"attp2"	"2"	12	12	"Control"
"3"	"attp2"	"2"	24	4	"Control"
"3"	"attp2"	"2"	36	5	"Control"
"3"	"attp2"	"3"	0	3	"Control"
"3"	"attp2"	"3"	12	7	"Control"
"3"	"attp2"	"3"	24	6	"Control"
"3"	"attp2"	"4"	0	4	"Control"
"3"	"attp2"	"4"	12	7	"Control"
"3"	"attp2"	"4"	24	4	"Control"
"3"	"attp2"	"4"	36	8	"Control"
"3"	"attp2"	"4"	48	3	"Control"
"3"	"attp2"	"7"	0	1	"Control"
"3"	"attp2"	"7"	12	2	"Control"
"3"	"attp2"	"7"	24	10	"Control"
"3"	"attp2"	"7"	36	4	"Control"
"4"	"Y68H"	"1"	0	4	"Experiment"
"4"	"Y68H"	"1"	12	3	"Experiment"
"4"	"Y68H"	"1"	24	5	"Experiment"
"4"	"Y68H"	"1"	36	7	"Experiment"
"4"	"Y68H"	"1"	48	2	"Experiment"
"4"	"Y68H"	"3"	0	5	"Experiment"
"4"	"Y68H"	"3"	12	2	"Experiment"
"4"	"Y68H"	"3"	24	6	"Experiment"
"4"	"Y68H"	"3"	36	5	"Experiment"
"4"	"Y68H"	"3"	48	1	"Experiment"
"4"	"Y68H"	"3"	60	1	"Experiment"
"4"	"Y68H"	"6"	0	4	"Experiment"
"4"	"Y68H"	"6"	12	4	"Experiment"
"4"	"Y68H"	"6"	24	8	"Experiment"
"4"	"Y68H"	"6"	36	6	"Experiment"
"4"	"Y68H"	"6"	60	1	"Experiment"
"4"	"Y68H"	"7"	0	2	"Experiment"
"4"	"Y68H"	"7"	12	7	"Experiment"
"4"	"Y68H"	"7"	24	7	"Experiment"
"4"	"Y68H"	"7"	36	5	"Experiment"
"4"	"Y68H"	"7"	48	1	"Experiment"
"4"	"Y68H"	"7"	60	2	"Experiment"
"4"	"Y68H"	"1"	0	4	"Control"
"4"	"Y68H"	"1"	12	2	"Control"
"4"	"Y68H"	"1"	24	6	"Control"
"4"	"Y68H"	"1"	36	5	"Control"
"4"	"Y68H"	"3"	0	3	"Control"
"4"	"Y68H"	"3"	12	3	"Control"
"4"	"Y68H"	"3"	24	4	"Control"
"4"	"Y68H"	"3"	36	3	"Control"
"4"	"Y68H"	"3"	48	2	"Control"
"4"	"Y68H"	"6"	0	3	"Control"
"4"	"Y68H"	"6"	12	4	"Control"
"4"	"Y68H"	"6"	24	4	"Control"
"4"	"Y68H"	"6"	36	4	"Control"
"4"	"Y68H"	"6"	48	1	"Control"
"4"	"Y68H"	"6"	60	2	"Control"
"4"	"Y68H"	"7"	0	3	"Control"
"4"	"Y68H"	"7"	12	5	"Control"
"4"	"Y68H"	"7"	24	6	"Control"
"4"	"Y68H"	"7"	36	7	"Control"
"4"	"Y68H"	"7"	60	1	"Control"
"4"	"Y68H"	"7"	84	1	"Control"
"4"	"D22E"	"3"	0	3	"Experiment"
"4"	"D22E"	"3"	12	2	"Experiment"
"4"	"D22E"	"3"	24	3	"Experiment"
"4"	"D22E"	"6"	0	2	"Experiment"
"4"	"D22E"	"6"	12	3	"Experiment"
"4"	"D22E"	"6"	24	2	"Experiment"
"4"	"D22E"	"6"	60	1	"Experiment"
"4"	"D22E"	"6"	72	1	"Experiment"
"4"	"D22E"	"7"	0	3	"Experiment"
"4"	"D22E"	"7"	12	3	"Experiment"
"4"	"D22E"	"7"	24	3	"Experiment"
"4"	"D22E"	"7"	36	1	"Experiment"
"4"	"D22E"	"3"	0	4	"Control"
"4"	"D22E"	"3"	12	3	"Control"
"4"	"D22E"	"3"	36	1	"Control"
"4"	"D22E"	"3"	72	1	"Control"
"4"	"D22E"	"6"	0	5	"Control"
"4"	"D22E"	"6"	12	4	"Control"
"4"	"D22E"	"6"	24	2	"Control"
"4"	"D22E"	"6"	36	1	"Control"
"4"	"D22E"	"7"	0	3	"Control"
"4"	"D22E"	"7"	12	5	"Control"
"4"	"D22E"	"7"	24	1	"Control"
"4"	"D22E"	"7"	36	2	"Control"
"4"	"D107V"	"3"	0	6	"Experiment"
"4"	"D107V"	"3"	12	4	"Experiment"
"4"	"D107V"	"3"	24	1	"Experiment"
"4"	"D107V"	"3"	36	1	"Experiment"
"4"	"D107V"	"3"	60	1	"Experiment"
"4"	"D107V"	"6"	0	6	"Experiment"
"4"	"D107V"	"6"	12	7	"Experiment"
"4"	"D107V"	"6"	24	1	"Experiment"
"4"	"D107V"	"6"	36	2	"Experiment"
"4"	"D107V"	"7"	0	3	"Experiment"
"4"	"D107V"	"7"	12	5	"Experiment"
"4"	"D107V"	"7"	24	2	"Experiment"
"4"	"D107V"	"7"	36	4	"Experiment"
"4"	"D107V"	"3"	0	4	"Control"
"4"	"D107V"	"3"	12	4	"Control"
"4"	"D107V"	"3"	24	2	"Control"
"4"	"D107V"	"3"	36	3	"Control"
"4"	"D107V"	"3"	84	1	"Control"
"4"	"D107V"	"6"	0	3	"Control"
"4"	"D107V"	"6"	12	5	"Control"
"4"	"D107V"	"6"	24	2	"Control"
"4"	"D107V"	"6"	36	3	"Control"
"4"	"D107V"	"6"	84	1	"Control"
"4"	"D107V"	"7"	0	3	"Control"
"4"	"D107V"	"7"	12	5	"Control"
"4"	"D107V"	"7"	24	3	"Control"
"4"	"D107V"	"7"	36	3	"Control"
"4"	"H123Q"	"3"	0	4	"Experiment"
"4"	"H123Q"	"3"	12	3	"Experiment"
"4"	"H123Q"	"3"	24	2	"Experiment"
"4"	"H123Q"	"3"	36	1	"Experiment"
"4"	"H123Q"	"3"	60	1	"Experiment"
"4"	"H123Q"	"6"	0	5	"Experiment"
"4"	"H123Q"	"6"	12	10	"Experiment"
"4"	"H123Q"	"6"	24	1	"Experiment"
"4"	"H123Q"	"6"	36	1	"Experiment"
"4"	"H123Q"	"7"	0	4	"Experiment"
"4"	"H123Q"	"7"	12	6	"Experiment"
"4"	"H123Q"	"7"	24	3	"Experiment"
"4"	"H123Q"	"7"	36	2	"Experiment"
"4"	"H123Q"	"7"	60	1	"Experiment"
"4"	"H123Q"	"7"	72	1	"Experiment"
"4"	"H123Q"	"3"	0	6	"Control"
"4"	"H123Q"	"3"	12	7	"Control"
"4"	"H123Q"	"3"	36	3	"Control"
"4"	"H123Q"	"6"	0	6	"Control"
"4"	"H123Q"	"6"	12	9	"Control"
"4"	"H123Q"	"6"	24	2	"Control"
"4"	"H123Q"	"6"	36	1	"Control"
"4"	"H123Q"	"7"	0	7	"Control"
"4"	"H123Q"	"7"	12	7	"Control"
"4"	"H123Q"	"7"	24	4	"Control"
"4"	"H123Q"	"7"	36	2	"Control"
"4"	"H118P"	"7"	0	1	"Experiment"
"4"	"H118P"	"7"	12	6	"Experiment"
"4"	"H118P"	"7"	36	4	"Experiment"
"4"	"H118P"	"7"	60	2	"Experiment"
"4"	"H118P"	"7"	0	3	"Control"
"4"	"H118P"	"7"	12	8	"Control"
"4"	"H118P"	"7"	36	5	"Control"
"4"	"H118P"	"7"	60	1	"Control"
"4"	"H93R"	"3"	0	5	"Experiment"
"4"	"H93R"	"3"	12	7	"Experiment"
"4"	"H93R"	"3"	36	1	"Experiment"
"4"	"H93R"	"6"	0	5	"Experiment"
"4"	"H93R"	"6"	12	6	"Experiment"
"4"	"H93R"	"6"	24	1	"Experiment"
"4"	"H93R"	"6"	36	1	"Experiment"
"4"	"H93R"	"6"	48	1	"Experiment"
"4"	"H93R"	"7"	0	5	"Experiment"
"4"	"H93R"	"7"	12	4	"Experiment"
"4"	"H93R"	"7"	24	1	"Experiment"
"4"	"H93R"	"7"	36	3	"Experiment"
"4"	"H93R"	"3"	0	5	"Control"
"4"	"H93R"	"3"	12	3	"Control"
"4"	"H93R"	"3"	24	1	"Control"
"4"	"H93R"	"3"	36	1	"Control"
"4"	"H93R"	"6"	0	3	"Control"
"4"	"H93R"	"6"	12	7	"Control"
"4"	"H93R"	"6"	36	1	"Control"
"4"	"H93R"	"6"	48	1	"Control"
"4"	"H93R"	"7"	0	3	"Control"
"4"	"H93R"	"7"	12	5	"Control"
"4"	"H93R"	"7"	24	1	"Control"
"4"	"H93R"	"7"	36	3	"Control"
"4"	"WT"	"3"	36	10	"Experiment"
"4"	"WT"	"3"	60	19	"Experiment"
"4"	"WT"	"3"	84	5	"Experiment"
"4"	"WT"	"7"	36	14	"Experiment"
"4"	"WT"	"7"	60	18	"Experiment"
"4"	"WT"	"7"	84	7	"Experiment"
"4"	"WT"	"3"	0	2	"Control"
"4"	"WT"	"3"	12	22	"Control"
"4"	"WT"	"3"	36	11	"Control"
"4"	"WT"	"3"	60	1	"Control"
"4"	"WT"	"7"	0	4	"Control"
"4"	"WT"	"7"	12	15	"Control"
"4"	"WT"	"7"	36	13	"Control"
"4"	"WT"	"7"	48	1	"Control"
"4"	"WT"	"7"	84	1	"Control"
"4"	"C124S"	"3"	0	4	"Experiment"
"4"	"C124S"	"3"	12	13	"Experiment"
"4"	"C124S"	"3"	24	1	"Experiment"
"4"	"C124S"	"7"	0	3	"Experiment"
"4"	"C124S"	"7"	12	17	"Experiment"
"4"	"C124S"	"7"	24	3	"Experiment"
"4"	"C124S"	"7"	36	4	"Experiment"
"4"	"C124S"	"7"	48	1	"Experiment"
"4"	"C124S"	"3"	0	3	"Control"
"4"	"C124S"	"3"	12	11	"Control"
"4"	"C124S"	"3"	48	1	"Control"
"4"	"C124S"	"3"	72	1	"Control"
"4"	"C124S"	"7"	12	10	"Control"
"4"	"C124S"	"7"	24	4	"Control"
"4"	"C124S"	"7"	48	1	"Control"
"4"	"attp2"	"3"	0	2	"Experiment"
"4"	"attp2"	"3"	12	20	"Experiment"
"4"	"attp2"	"3"	36	10	"Experiment"
"4"	"attp2"	"7"	0	3	"Experiment"
"4"	"attp2"	"7"	12	30	"Experiment"
"4"	"attp2"	"7"	36	13	"Experiment"
"4"	"attp2"	"7"	60	3	"Experiment"
"4"	"attp2"	"3"	0	3	"Control"
"4"	"attp2"	"3"	12	15	"Control"
"4"	"attp2"	"3"	36	25	"Control"
"4"	"attp2"	"7"	0	2	"Control"
"4"	"attp2"	"7"	12	20	"Control"
"4"	"attp2"	"7"	36	3	"Control"
"4"	"attp2"	"7"	60	2	"Control"
"4"	"attp2"	"7"	72	1	"Control"
"5"	"WT"	"3"	24	10	"Experiment"
"5"	"WT"	"3"	36	13	"Experiment"
"5"	"WT"	"3"	48	4	"Experiment"
"5"	"WT"	"3"	60	6	"Experiment"
"5"	"WT"	"3"	72	3	"Experiment"
"5"	"WT"	"3"	84	5	"Experiment"
"5"	"WT"	"6"	24	6	"Experiment"
"5"	"WT"	"6"	36	15	"Experiment"
"5"	"WT"	"6"	48	4	"Experiment"
"5"	"WT"	"6"	60	9	"Experiment"
"5"	"WT"	"6"	72	2	"Experiment"
"5"	"WT"	"6"	84	2	"Experiment"
"5"	"WT"	"7"	12	1	"Experiment"
"5"	"WT"	"7"	24	3	"Experiment"
"5"	"WT"	"7"	36	11	"Experiment"
"5"	"WT"	"7"	48	18	"Experiment"
"5"	"WT"	"7"	60	7	"Experiment"
"5"	"WT"	"7"	72	4	"Experiment"
"5"	"WT"	"7"	84	4	"Experiment"
"5"	"WT"	"3"	0	4	"Control"
"5"	"WT"	"3"	12	14	"Control"
"5"	"WT"	"3"	36	5	"Control"
"5"	"WT"	"3"	60	1	"Control"
"5"	"WT"	"3"	72	1	"Control"
"5"	"WT"	"6"	0	2	"Control"
"5"	"WT"	"6"	12	15	"Control"
"5"	"WT"	"6"	24	3	"Control"
"5"	"WT"	"6"	36	5	"Control"
"5"	"WT"	"6"	48	1	"Control"
"5"	"WT"	"7"	0	3	"Control"
"5"	"WT"	"7"	12	10	"Control"
"5"	"WT"	"7"	24	5	"Control"
"5"	"WT"	"7"	36	3	"Control"
"5"	"WT"	"7"	48	1	"Control"
"5"	"C124S"	"3"	0	6	"Experiment"
"5"	"C124S"	"3"	12	6	"Experiment"
"5"	"C124S"	"3"	24	2	"Experiment"
"5"	"C124S"	"3"	48	1	"Experiment"
"5"	"C124S"	"3"	60	1	"Experiment"
"5"	"C124S"	"6"	0	8	"Experiment"
"5"	"C124S"	"6"	12	11	"Experiment"
"5"	"C124S"	"6"	48	1	"Experiment"
"5"	"C124S"	"7"	0	5	"Experiment"
"5"	"C124S"	"7"	12	11	"Experiment"
"5"	"C124S"	"7"	24	1	"Experiment"
"5"	"C124S"	"7"	36	3	"Experiment"
"5"	"C124S"	"3"	0	3	"Control"
"5"	"C124S"	"3"	12	5	"Control"
"5"	"C124S"	"3"	24	2	"Control"
"5"	"C124S"	"3"	36	3	"Control"
"5"	"C124S"	"3"	60	1	"Control"
"5"	"C124S"	"6"	0	2	"Control"
"5"	"C124S"	"6"	12	4	"Control"
"5"	"C124S"	"6"	24	2	"Control"
"5"	"C124S"	"6"	36	1	"Control"
"5"	"C124S"	"6"	48	1	"Control"
"5"	"C124S"	"7"	0	4	"Control"
"5"	"C124S"	"7"	12	10	"Control"
"5"	"C124S"	"7"	24	7	"Control"
"5"	"C124S"	"7"	36	1	"Control"
"5"	"C124S"	"7"	48	1	"Control"
"5"	"attp2"	"1"	0	6	"Experiment"
"5"	"attp2"	"1"	12	2	"Experiment"
"5"	"attp2"	"1"	24	2	"Experiment"
"5"	"attp2"	"3"	0	8	"Experiment"
"5"	"attp2"	"3"	12	2	"Experiment"
"5"	"attp2"	"3"	24	2	"Experiment"
"5"	"attp2"	"6"	0	5	"Experiment"
"5"	"attp2"	"6"	12	5	"Experiment"
"5"	"attp2"	"6"	24	1	"Experiment"
"5"	"attp2"	"7"	0	13	"Experiment"
"5"	"attp2"	"7"	12	21	"Experiment"
"5"	"attp2"	"7"	24	5	"Experiment"
"5"	"attp2"	"7"	36	3	"Experiment"
"5"	"attp2"	"7"	48	2	"Experiment"
"5"	"attp2"	"7"	72	1	"Experiment"
"5"	"attp2"	"1"	0	3	"Control"
"5"	"attp2"	"1"	12	2	"Control"
"5"	"attp2"	"1"	24	2	"Control"
"5"	"attp2"	"3"	0	10	"Control"
"5"	"attp2"	"3"	12	4	"Control"
"5"	"attp2"	"3"	24	1	"Control"
"5"	"attp2"	"6"	0	3	"Control"
"5"	"attp2"	"6"	12	6	"Control"
"5"	"attp2"	"6"	24	6	"Control"
"5"	"attp2"	"6"	36	3	"Control"
"5"	"attp2"	"6"	60	1	"Control"
"5"	"attp2"	"7"	0	13	"Control"
"5"	"attp2"	"7"	12	27	"Control"
"5"	"attp2"	"7"	24	8	"Control"
"5"	"attp2"	"7"	36	1	"Control"
"5"	"attp2"	"7"	48	2	"Control"
"5"	"attp2"	"7"	60	2	"Control"
"5"	"attp2"	"7"	72	1	"Control"
"5"	"I135fs"	"3"	0	19	"Experiment"
"5"	"I135fs"	"3"	12	21	"Experiment"
"5"	"I135fs"	"3"	24	5	"Experiment"
"5"	"I135fs"	"3"	36	5	"Experiment"
"5"	"I135fs"	"3"	48	1	"Experiment"
"5"	"I135fs"	"3"	60	2	"Experiment"
"5"	"I135fs"	"6"	0	7	"Experiment"
"5"	"I135fs"	"6"	12	25	"Experiment"
"5"	"I135fs"	"6"	24	4	"Experiment"
"5"	"I135fs"	"6"	36	2	"Experiment"
"5"	"I135fs"	"6"	48	1	"Experiment"
"5"	"I135fs"	"6"	60	1	"Experiment"
"5"	"I135fs"	"6"	84	1	"Experiment"
"5"	"I135fs"	"7"	0	7	"Experiment"
"5"	"I135fs"	"7"	12	14	"Experiment"
"5"	"I135fs"	"7"	24	9	"Experiment"
"5"	"I135fs"	"7"	36	3	"Experiment"
"5"	"I135fs"	"7"	48	4	"Experiment"
"5"	"I135fs"	"7"	60	2	"Experiment"
"5"	"I135fs"	"7"	72	1	"Experiment"
"5"	"I135fs"	"3"	0	9	"Control"
"5"	"I135fs"	"3"	12	15	"Control"
"5"	"I135fs"	"3"	24	8	"Control"
"5"	"I135fs"	"3"	36	4	"Control"
"5"	"I135fs"	"3"	48	5	"Control"
"5"	"I135fs"	"3"	60	1	"Control"
"5"	"I135fs"	"3"	72	2	"Control"
"5"	"I135fs"	"6"	0	6	"Control"
"5"	"I135fs"	"6"	12	10	"Control"
"5"	"I135fs"	"6"	24	10	"Control"
"5"	"I135fs"	"6"	36	2	"Control"
"5"	"I135fs"	"7"	0	3	"Control"
"5"	"I135fs"	"7"	12	14	"Control"
"5"	"I135fs"	"7"	24	5	"Control"
"5"	"I135fs"	"7"	36	4	"Control"
"5"	"T167N"	"3"	0	2	"Experiment"
"5"	"T167N"	"3"	12	9	"Experiment"
"5"	"T167N"	"3"	24	13	"Experiment"
"5"	"T167N"	"3"	36	16	"Experiment"
"5"	"T167N"	"3"	48	2	"Experiment"
"5"	"T167N"	"6"	12	9	"Experiment"
"5"	"T167N"	"6"	24	7	"Experiment"
"5"	"T167N"	"6"	36	14	"Experiment"
"5"	"T167N"	"6"	48	2	"Experiment"
"5"	"T167N"	"6"	60	2	"Experiment"
"5"	"T167N"	"6"	84	1	"Experiment"
"5"	"T167N"	"7"	0	1	"Experiment"
"5"	"T167N"	"7"	12	4	"Experiment"
"5"	"T167N"	"7"	24	16	"Experiment"
"5"	"T167N"	"7"	36	9	"Experiment"
"5"	"T167N"	"7"	48	3	"Experiment"
"5"	"T167N"	"7"	60	1	"Experiment"
"5"	"T167N"	"3"	0	7	"Control"
"5"	"T167N"	"3"	12	16	"Control"
"5"	"T167N"	"3"	24	5	"Control"
"5"	"T167N"	"3"	36	1	"Control"
"5"	"T167N"	"3"	60	1	"Control"
"5"	"T167N"	"3"	84	2	"Control"
"5"	"T167N"	"6"	0	5	"Control"
"5"	"T167N"	"6"	12	22	"Control"
"5"	"T167N"	"6"	24	4	"Control"
"5"	"T167N"	"6"	36	1	"Control"
"5"	"T167N"	"6"	60	1	"Control"
"5"	"T167N"	"6"	72	1	"Control"
"5"	"T167N"	"6"	84	1	"Control"
"5"	"T167N"	"7"	0	9	"Control"
"5"	"T167N"	"7"	12	17	"Control"
"5"	"T167N"	"7"	24	3	"Control"
"5"	"T167N"	"7"	36	4	"Control"
"5"	"T167N"	"7"	60	1	"Control"
"5"	"T167N"	"7"	72	4	"Control"
"5"	"Y68N"	"3"	0	15	"Experiment"
"5"	"Y68N"	"3"	12	13	"Experiment"
"5"	"Y68N"	"3"	24	3	"Experiment"
"5"	"Y68N"	"3"	36	2	"Experiment"
"5"	"Y68N"	"3"	48	1	"Experiment"
"5"	"Y68N"	"3"	72	1	"Experiment"
"5"	"Y68N"	"6"	0	11	"Experiment"
"5"	"Y68N"	"6"	12	10	"Experiment"
"5"	"Y68N"	"6"	24	4	"Experiment"
"5"	"Y68N"	"6"	36	2	"Experiment"
"5"	"Y68N"	"6"	48	2	"Experiment"
"5"	"Y68N"	"7"	0	6	"Experiment"
"5"	"Y68N"	"7"	12	9	"Experiment"
"5"	"Y68N"	"7"	24	5	"Experiment"
"5"	"Y68N"	"7"	36	3	"Experiment"
"5"	"Y68N"	"7"	48	2	"Experiment"
"5"	"Y68N"	"7"	60	1	"Experiment"
"5"	"Y68N"	"3"	0	5	"Control"
"5"	"Y68N"	"3"	12	10	"Control"
"5"	"Y68N"	"3"	24	2	"Control"
"5"	"Y68N"	"3"	36	2	"Control"
"5"	"Y68N"	"3"	48	1	"Control"
"5"	"Y68N"	"3"	60	2	"Control"
"5"	"Y68N"	"3"	72	1	"Control"
"5"	"Y68N"	"6"	0	9	"Control"
"5"	"Y68N"	"6"	12	8	"Control"
"5"	"Y68N"	"6"	24	3	"Control"
"5"	"Y68N"	"6"	60	2	"Control"
"5"	"Y68N"	"6"	72	1	"Control"
"5"	"Y68N"	"7"	0	5	"Control"
"5"	"Y68N"	"7"	12	7	"Control"
"5"	"Y68N"	"7"	24	6	"Control"
"5"	"Y68N"	"7"	36	1	"Control"
"5"	"Y68N"	"7"	48	3	"Control"
"5"	"Y68N"	"7"	60	2	"Control"
"5"	"Y68N"	"7"	72	3	"Control"
"5"	"E157G"	"3"	12	2	"Experiment"
"5"	"E157G"	"3"	24	5	"Experiment"
"5"	"E157G"	"3"	36	16	"Experiment"
"5"	"E157G"	"3"	48	6	"Experiment"
"5"	"E157G"	"3"	60	3	"Experiment"
"5"	"E157G"	"6"	24	4	"Experiment"
"5"	"E157G"	"6"	36	16	"Experiment"
"5"	"E157G"	"6"	48	10	"Experiment"
"5"	"E157G"	"6"	60	2	"Experiment"
"5"	"E157G"	"7"	0	1	"Experiment"
"5"	"E157G"	"7"	12	2	"Experiment"
"5"	"E157G"	"7"	24	3	"Experiment"
"5"	"E157G"	"7"	36	11	"Experiment"
"5"	"E157G"	"7"	48	9	"Experiment"
"5"	"E157G"	"7"	60	2	"Experiment"
"5"	"E157G"	"7"	84	1	"Experiment"
"5"	"E157G"	"3"	0	2	"Control"
"5"	"E157G"	"3"	12	17	"Control"
"5"	"E157G"	"3"	24	4	"Control"
"5"	"E157G"	"3"	36	3	"Control"
"5"	"E157G"	"6"	0	1	"Control"
"5"	"E157G"	"6"	12	13	"Control"
"5"	"E157G"	"6"	24	4	"Control"
"5"	"E157G"	"6"	36	3	"Control"
"5"	"E157G"	"6"	60	1	"Control"
"5"	"E157G"	"7"	0	1	"Control"
"5"	"E157G"	"7"	12	13	"Control"
"5"	"E157G"	"7"	24	2	"Control"
"5"	"E157G"	"7"	36	2	"Control"
"5"	"E157G"	"7"	48	2	"Control"
"5"	"E157G"	"7"	72	1	"Control"
"5"	"Y176C"	"3"	0	1	"Experiment"
"5"	"Y176C"	"3"	24	3	"Experiment"
"5"	"Y176C"	"3"	36	6	"Experiment"
"5"	"Y176C"	"3"	48	3	"Experiment"
"5"	"Y176C"	"3"	60	4	"Experiment"
"5"	"Y176C"	"3"	72	3	"Experiment"
"5"	"Y176C"	"6"	24	2	"Experiment"
"5"	"Y176C"	"6"	36	6	"Experiment"
"5"	"Y176C"	"6"	48	2	"Experiment"
"5"	"Y176C"	"6"	60	3	"Experiment"
"5"	"Y176C"	"6"	72	1	"Experiment"
"5"	"Y176C"	"7"	0	1	"Experiment"
"5"	"Y176C"	"7"	24	3	"Experiment"
"5"	"Y176C"	"7"	36	7	"Experiment"
"5"	"Y176C"	"7"	48	5	"Experiment"
"5"	"Y176C"	"7"	60	4	"Experiment"
"5"	"Y176C"	"7"	72	2	"Experiment"
"5"	"Y176C"	"3"	0	4	"Control"
"5"	"Y176C"	"3"	12	7	"Control"
"5"	"Y176C"	"3"	24	1	"Control"
"5"	"Y176C"	"6"	0	4	"Control"
"5"	"Y176C"	"6"	12	7	"Control"
"5"	"Y176C"	"6"	24	1	"Control"
"5"	"Y176C"	"6"	36	1	"Control"
"5"	"Y176C"	"7"	0	3	"Control"
"5"	"Y176C"	"7"	12	6	"Control"
"5"	"Y176C"	"7"	24	1	"Control"
"5"	"Y176C"	"7"	36	2	"Control"
"5"	"I101F"	"3"	12	6	"Experiment"
"5"	"I101F"	"3"	24	5	"Experiment"
"5"	"I101F"	"3"	36	3	"Experiment"
"5"	"I101F"	"3"	48	3	"Experiment"
"5"	"I101F"	"6"	12	4	"Experiment"
"5"	"I101F"	"6"	24	4	"Experiment"
"5"	"I101F"	"6"	36	3	"Experiment"
"5"	"I101F"	"6"	48	2	"Experiment"
"5"	"I101F"	"7"	12	4	"Experiment"
"5"	"I101F"	"7"	24	7	"Experiment"
"5"	"I101F"	"7"	36	4	"Experiment"
"5"	"I101F"	"7"	48	4	"Experiment"
"5"	"I101F"	"3"	0	4	"Control"
"5"	"I101F"	"3"	12	14	"Control"
"5"	"I101F"	"3"	24	2	"Control"
"5"	"I101F"	"6"	0	4	"Control"
"5"	"I101F"	"6"	12	4	"Control"
"5"	"I101F"	"6"	36	1	"Control"
"5"	"I101F"	"7"	0	3	"Control"
"5"	"I101F"	"7"	12	8	"Control"
"5"	"I101F"	"7"	24	4	"Control"
"5"	"I101F"	"7"	36	1	"Control"
"5"	"G129R"	"3"	0	6	"Experiment"
"5"	"G129R"	"3"	12	3	"Experiment"
"5"	"G129R"	"3"	24	2	"Experiment"
"5"	"G129R"	"6"	0	6	"Experiment"
"5"	"G129R"	"6"	12	5	"Experiment"
"5"	"G129R"	"6"	36	1	"Experiment"
"5"	"G129R"	"6"	60	2	"Experiment"
"5"	"G129R"	"7"	0	6	"Experiment"
"5"	"G129R"	"7"	12	6	"Experiment"
"5"	"G129R"	"7"	24	1	"Experiment"
"5"	"G129R"	"7"	36	1	"Experiment"
"5"	"G129R"	"7"	60	1	"Experiment"
"5"	"G129R"	"7"	84	1	"Experiment"
"5"	"G129R"	"3"	0	5	"Control"
"5"	"G129R"	"3"	12	8	"Control"
"5"	"G129R"	"3"	24	2	"Control"
"5"	"G129R"	"3"	36	2	"Control"
"5"	"G129R"	"3"	60	2	"Control"
"5"	"G129R"	"6"	0	5	"Control"
"5"	"G129R"	"6"	12	7	"Control"
"5"	"G129R"	"6"	24	2	"Control"
"5"	"G129R"	"6"	36	3	"Control"
"5"	"G129R"	"6"	84	1	"Control"
"5"	"G129R"	"7"	0	6	"Control"
"5"	"G129R"	"7"	12	7	"Control"
"5"	"G129R"	"7"	24	6	"Control"
"5"	"G129R"	"7"	36	2	"Control"
"5"	"G129R"	"7"	60	1	"Control"
"5"	"G129R"	"7"	72	1	"Control"
"5"	"T78A"	"3"	12	1	"Experiment"
"5"	"T78A"	"3"	24	2	"Experiment"
"5"	"T78A"	"3"	36	1	"Experiment"
"5"	"T78A"	"3"	48	2	"Experiment"
"5"	"T78A"	"3"	60	2	"Experiment"
"5"	"T78A"	"3"	84	1	"Experiment"
"5"	"T78A"	"6"	24	2	"Experiment"
"5"	"T78A"	"6"	36	1	"Experiment"
"5"	"T78A"	"6"	48	4	"Experiment"
"5"	"T78A"	"6"	72	2	"Experiment"
"5"	"T78A"	"7"	0	1	"Experiment"
"5"	"T78A"	"7"	24	4	"Experiment"
"5"	"T78A"	"7"	36	2	"Experiment"
"5"	"T78A"	"7"	48	5	"Experiment"
"5"	"T78A"	"7"	60	2	"Experiment"
"5"	"T78A"	"7"	72	1	"Experiment"
"5"	"T78A"	"3"	0	4	"Control"
"5"	"T78A"	"3"	12	3	"Control"
"5"	"T78A"	"3"	24	2	"Control"
"5"	"T78A"	"3"	60	1	"Control"
"5"	"T78A"	"3"	72	1	"Control"
"5"	"T78A"	"6"	0	3	"Control"
"5"	"T78A"	"6"	12	3	"Control"
"5"	"T78A"	"6"	24	5	"Control"
"5"	"T78A"	"6"	72	1	"Control"
"5"	"T78A"	"7"	0	3	"Control"
"5"	"T78A"	"7"	12	5	"Control"
"5"	"T78A"	"7"	24	4	"Control"
"5"	"T78A"	"7"	36	1	"Control"
"5"	"T78A"	"7"	60	1	"Control"
"5"	"G132D"	"3"	12	1	"Experiment"
"5"	"G132D"	"3"	24	6	"Experiment"
"5"	"G132D"	"3"	36	5	"Experiment"
"5"	"G132D"	"3"	48	3	"Experiment"
"5"	"G132D"	"3"	60	2	"Experiment"
"5"	"G132D"	"6"	12	3	"Experiment"
"5"	"G132D"	"6"	24	4	"Experiment"
"5"	"G132D"	"6"	36	5	"Experiment"
"5"	"G132D"	"6"	48	5	"Experiment"
"5"	"G132D"	"6"	84	1	"Experiment"
"5"	"G132D"	"7"	12	4	"Experiment"
"5"	"G132D"	"7"	24	4	"Experiment"
"5"	"G132D"	"7"	36	13	"Experiment"
"5"	"G132D"	"7"	48	5	"Experiment"
"5"	"G132D"	"7"	60	1	"Experiment"
"5"	"G132D"	"7"	72	1	"Experiment"
"5"	"G132D"	"3"	0	4	"Control"
"5"	"G132D"	"3"	12	4	"Control"
"5"	"G132D"	"3"	24	4	"Control"
"5"	"G132D"	"3"	48	3	"Control"
"5"	"G132D"	"3"	72	1	"Control"
"5"	"G132D"	"6"	0	3	"Control"
"5"	"G132D"	"6"	12	9	"Control"
"5"	"G132D"	"6"	24	5	"Control"
"5"	"G132D"	"6"	36	1	"Control"
"5"	"G132D"	"6"	48	1	"Control"
"5"	"G132D"	"6"	60	1	"Control"
"5"	"G132D"	"7"	0	4	"Control"
"5"	"G132D"	"7"	12	8	"Control"
"5"	"G132D"	"7"	24	9	"Control"
"5"	"G132D"	"7"	36	1	"Control"
"5"	"N228S"	"3"	12	4	"Experiment"
"5"	"N228S"	"3"	24	7	"Experiment"
"5"	"N228S"	"3"	36	2	"Experiment"
"5"	"N228S"	"3"	48	1	"Experiment"
"5"	"N228S"	"6"	12	3	"Experiment"
"5"	"N228S"	"6"	24	14	"Experiment"
"5"	"N228S"	"6"	36	4	"Experiment"
"5"	"N228S"	"6"	48	3	"Experiment"
"5"	"N228S"	"6"	60	2	"Experiment"
"5"	"N228S"	"7"	0	1	"Experiment"
"5"	"N228S"	"7"	12	6	"Experiment"
"5"	"N228S"	"7"	24	4	"Experiment"
"5"	"N228S"	"7"	48	3	"Experiment"
"5"	"N228S"	"3"	0	5	"Control"
"5"	"N228S"	"3"	12	4	"Control"
"5"	"N228S"	"3"	24	1	"Control"
"5"	"N228S"	"3"	36	1	"Control"
"5"	"N228S"	"3"	60	1	"Control"
"5"	"N228S"	"3"	72	2	"Control"
"5"	"N228S"	"6"	0	4	"Control"
"5"	"N228S"	"6"	12	6	"Control"
"5"	"N228S"	"6"	36	1	"Control"
"5"	"N228S"	"7"	0	5	"Control"
"5"	"N228S"	"7"	12	3	"Control"
"5"	"N228S"	"7"	24	2	"Control"
"5"	"N228S"	"7"	36	2	"Control"
"5"	"T363N"	"3"	0	4	"Experiment"
"5"	"T363N"	"3"	12	9	"Experiment"
"5"	"T363N"	"3"	24	12	"Experiment"
"5"	"T363N"	"3"	36	4	"Experiment"
"5"	"T363N"	"3"	48	3	"Experiment"
"5"	"T363N"	"6"	0	1	"Experiment"
"5"	"T363N"	"6"	12	13	"Experiment"
"5"	"T363N"	"6"	24	8	"Experiment"
"5"	"T363N"	"6"	36	14	"Experiment"
"5"	"T363N"	"6"	48	2	"Experiment"
"5"	"T363N"	"6"	60	2	"Experiment"
"5"	"T363N"	"7"	12	7	"Experiment"
"5"	"T363N"	"7"	24	23	"Experiment"
"5"	"T363N"	"7"	36	18	"Experiment"
"5"	"T363N"	"7"	48	7	"Experiment"
"5"	"T363N"	"7"	60	2	"Experiment"
"5"	"T363N"	"3"	0	9	"Control"
"5"	"T363N"	"3"	12	12	"Control"
"5"	"T363N"	"3"	24	4	"Control"
"5"	"T363N"	"3"	36	1	"Control"
"5"	"T363N"	"6"	0	2	"Control"
"5"	"T363N"	"6"	12	16	"Control"
"5"	"T363N"	"6"	24	4	"Control"
"5"	"T363N"	"6"	36	3	"Control"
"5"	"T363N"	"6"	48	1	"Control"
"5"	"T363N"	"6"	60	2	"Control"
"5"	"T363N"	"7"	0	5	"Control"
"5"	"T363N"	"7"	12	8	"Control"
"5"	"T363N"	"7"	24	14	"Control"
"5"	"T363N"	"7"	36	4	"Control"
"5"	"T363N"	"7"	48	3	"Control"
"5"	"T363N"	"7"	72	2	"Control"
"5"	"A34P"	"3"	0	2	"Experiment"
"5"	"A34P"	"3"	12	16	"Experiment"
"5"	"A34P"	"3"	24	15	"Experiment"
"5"	"A34P"	"6"	0	11	"Experiment"
"5"	"A34P"	"6"	12	10	"Experiment"
"5"	"A34P"	"6"	24	1	"Experiment"
"5"	"A34P"	"6"	36	2	"Experiment"
"5"	"A34P"	"6"	48	1	"Experiment"
"5"	"A34P"	"7"	0	6	"Experiment"
"5"	"A34P"	"7"	12	32	"Experiment"
"5"	"A34P"	"7"	24	9	"Experiment"
"5"	"A34P"	"3"	0	1	"Control"
"5"	"A34P"	"3"	12	4	"Control"
"5"	"A34P"	"3"	24	7	"Control"
"5"	"A34P"	"3"	36	8	"Control"
"5"	"A34P"	"3"	48	2	"Control"
"5"	"A34P"	"6"	0	1	"Control"
"5"	"A34P"	"6"	12	5	"Control"
"5"	"A34P"	"6"	24	9	"Control"
"5"	"A34P"	"6"	36	3	"Control"
"5"	"A34P"	"6"	48	1	"Control"
"5"	"A34P"	"6"	60	1	"Control"
"5"	"A34P"	"7"	0	2	"Control"
"5"	"A34P"	"7"	12	9	"Control"
"5"	"A34P"	"7"	24	7	"Control"
"5"	"A34P"	"7"	36	1	"Control"
"5"	"A34P"	"7"	48	2	"Control"
"5"	"K6E"	"3"	0	3	"Experiment"
"5"	"K6E"	"3"	12	3	"Experiment"
"5"	"K6E"	"3"	24	14	"Experiment"
"5"	"K6E"	"3"	36	3	"Experiment"
"5"	"K6E"	"3"	48	1	"Experiment"
"5"	"K6E"	"6"	0	2	"Experiment"
"5"	"K6E"	"6"	12	5	"Experiment"
"5"	"K6E"	"6"	24	3	"Experiment"
"5"	"K6E"	"6"	36	3	"Experiment"
"5"	"K6E"	"7"	0	11	"Experiment"
"5"	"K6E"	"7"	12	3	"Experiment"
"5"	"K6E"	"3"	12	5	"Control"
"5"	"K6E"	"3"	24	4	"Control"
"5"	"K6E"	"3"	36	4	"Control"
"5"	"K6E"	"3"	48	1	"Control"
"5"	"K6E"	"3"	60	1	"Control"
"5"	"K6E"	"3"	84	1	"Control"
"5"	"K6E"	"6"	0	1	"Control"
"5"	"K6E"	"6"	12	3	"Control"
"5"	"K6E"	"6"	24	6	"Control"
"5"	"K6E"	"6"	36	5	"Control"
"5"	"K6E"	"6"	48	2	"Control"
"5"	"K6E"	"7"	0	8	"Control"
"5"	"K6E"	"7"	12	3	"Control"
"5"	"R173P"	"3"	0	2	"Experiment"
"5"	"R173P"	"3"	12	17	"Experiment"
"5"	"R173P"	"3"	24	13	"Experiment"
"5"	"R173P"	"3"	36	1	"Experiment"
"5"	"R173P"	"6"	0	3	"Experiment"
"5"	"R173P"	"6"	12	11	"Experiment"
"5"	"R173P"	"6"	24	10	"Experiment"
"5"	"R173P"	"7"	0	4	"Experiment"
"5"	"R173P"	"7"	12	15	"Experiment"
"5"	"R173P"	"7"	24	4	"Experiment"
"5"	"R173P"	"7"	36	3	"Experiment"
"5"	"R173P"	"3"	12	7	"Control"
"5"	"R173P"	"3"	24	15	"Control"
"5"	"R173P"	"3"	36	6	"Control"
"5"	"R173P"	"3"	48	3	"Control"
"5"	"R173P"	"6"	0	2	"Control"
"5"	"R173P"	"6"	12	5	"Control"
"5"	"R173P"	"6"	24	7	"Control"
"5"	"R173P"	"6"	36	4	"Control"
"5"	"R173P"	"7"	0	1	"Control"
"5"	"R173P"	"7"	12	4	"Control"
"5"	"R173P"	"7"	24	4	"Control"
"5"	"R173P"	"7"	36	2	"Control"
"5"	"R173P"	"7"	48	6	"Control"
"5"	"R173P"	"7"	60	1	"Control"
"5"	"R173P"	"7"	72	1	"Control"
"5"	"R173P"	"7"	84	1	"Control"
"5"	"K322E"	"3"	12	9	"Experiment"
"5"	"K322E"	"3"	24	14	"Experiment"
"5"	"K322E"	"3"	36	15	"Experiment"
"5"	"K322E"	"3"	48	2	"Experiment"
"5"	"K322E"	"3"	60	2	"Experiment"
"5"	"K322E"	"6"	0	9	"Experiment"
"5"	"K322E"	"6"	12	9	"Experiment"
"5"	"K322E"	"6"	24	10	"Experiment"
"5"	"K322E"	"6"	36	1	"Experiment"
"5"	"K322E"	"7"	0	2	"Experiment"
"5"	"K322E"	"7"	12	1	"Experiment"
"5"	"K322E"	"7"	24	12	"Experiment"
"5"	"K322E"	"7"	36	13	"Experiment"
"5"	"K322E"	"7"	48	7	"Experiment"
"5"	"K322E"	"7"	60	3	"Experiment"
"5"	"K322E"	"3"	0	2	"Control"
"5"	"K322E"	"3"	12	5	"Control"
"5"	"K322E"	"3"	24	14	"Control"
"5"	"K322E"	"3"	36	4	"Control"
"5"	"K322E"	"3"	48	3	"Control"
"5"	"K322E"	"3"	72	1	"Control"
"5"	"K322E"	"6"	0	7	"Control"
"5"	"K322E"	"6"	12	6	"Control"
"5"	"K322E"	"6"	24	4	"Control"
"5"	"K322E"	"6"	36	2	"Control"
"5"	"K322E"	"6"	48	1	"Control"
"5"	"K322E"	"7"	12	3	"Control"
"5"	"K322E"	"7"	24	10	"Control"
"5"	"K322E"	"7"	48	3	"Control"
"5"	"K322E"	"7"	60	1	"Control"
"5"	"E256K"	"3"	0	3	"Experiment"
"5"	"E256K"	"6"	0	1	"Experiment"
"5"	"E256K"	"6"	24	2	"Experiment"
"5"	"E256K"	"6"	48	1	"Experiment"
"5"	"E256K"	"6"	60	1	"Experiment"
"5"	"E256K"	"7"	24	1	"Experiment"
"5"	"E256K"	"7"	36	2	"Experiment"
"5"	"E256K"	"3"	0	4	"Control"
"5"	"E256K"	"3"	12	19	"Control"
"5"	"E256K"	"3"	24	9	"Control"
"5"	"E256K"	"3"	36	3	"Control"
"5"	"E256K"	"3"	48	1	"Control"
"5"	"E256K"	"6"	0	6	"Control"
"5"	"E256K"	"6"	12	6	"Control"
"5"	"E256K"	"6"	60	1	"Control"
"5"	"E256K"	"7"	0	11	"Control"
"5"	"E256K"	"7"	12	7	"Control"
"5"	"E256K"	"7"	24	1	"Control"
"5"	"E256K"	"7"	36	1	"Control"
"5"	"E256K"	"7"	72	2	"Control"
"5"	"N262S"	"3"	12	5	"Experiment"
"5"	"N262S"	"3"	24	9	"Experiment"
"5"	"N262S"	"3"	36	9	"Experiment"
"5"	"N262S"	"3"	48	2	"Experiment"
"5"	"N262S"	"3"	60	1	"Experiment"
"5"	"N262S"	"6"	0	2	"Experiment"
"5"	"N262S"	"6"	12	6	"Experiment"
"5"	"N262S"	"6"	24	2	"Experiment"
"5"	"N262S"	"6"	36	4	"Experiment"
"5"	"N262S"	"6"	48	1	"Experiment"
"5"	"N262S"	"6"	60	1	"Experiment"
"5"	"N262S"	"7"	0	1	"Experiment"
"5"	"N262S"	"7"	12	7	"Experiment"
"5"	"N262S"	"7"	24	10	"Experiment"
"5"	"N262S"	"7"	36	18	"Experiment"
"5"	"N262S"	"7"	48	3	"Experiment"
"5"	"N262S"	"7"	60	1	"Experiment"
"5"	"N262S"	"3"	0	13	"Control"
"5"	"N262S"	"3"	12	5	"Control"
"5"	"N262S"	"3"	24	4	"Control"
"5"	"N262S"	"3"	36	2	"Control"
"5"	"N262S"	"3"	48	3	"Control"
"5"	"N262S"	"6"	0	6	"Control"
"5"	"N262S"	"6"	12	3	"Control"
"5"	"N262S"	"6"	24	5	"Control"
"5"	"N262S"	"6"	48	1	"Control"
"5"	"N262S"	"7"	0	12	"Control"
"5"	"N262S"	"7"	12	14	"Control"
"5"	"N262S"	"7"	24	10	"Control"
"5"	"N262S"	"7"	36	2	"Control"
"5"	"N262S"	"7"	60	1	"Control"
"5"	"F279L"	"3"	24	11	"Experiment"
"5"	"F279L"	"3"	36	12	"Experiment"
"5"	"F279L"	"3"	48	3	"Experiment"
"5"	"F279L"	"3"	60	2	"Experiment"
"5"	"F279L"	"3"	72	1	"Experiment"
"5"	"F279L"	"6"	0	1	"Experiment"
"5"	"F279L"	"6"	12	5	"Experiment"
"5"	"F279L"	"6"	24	7	"Experiment"
"5"	"F279L"	"6"	36	7	"Experiment"
"5"	"F279L"	"6"	48	3	"Experiment"
"5"	"F279L"	"7"	12	2	"Experiment"
"5"	"F279L"	"7"	24	7	"Experiment"
"5"	"F279L"	"7"	36	8	"Experiment"
"5"	"F279L"	"7"	48	3	"Experiment"
"5"	"F279L"	"7"	72	1	"Experiment"
"5"	"F279L"	"3"	0	4	"Control"
"5"	"F279L"	"3"	12	11	"Control"
"5"	"F279L"	"3"	24	5	"Control"
"5"	"F279L"	"3"	48	1	"Control"
"5"	"F279L"	"3"	60	1	"Control"
"5"	"F279L"	"3"	72	1	"Control"
"5"	"F279L"	"6"	0	7	"Control"
"5"	"F279L"	"6"	12	12	"Control"
"5"	"F279L"	"6"	24	7	"Control"
"5"	"F279L"	"6"	36	2	"Control"
"5"	"F279L"	"6"	48	1	"Control"
"5"	"F279L"	"7"	0	3	"Control"
"5"	"F279L"	"7"	12	10	"Control"
"5"	"F279L"	"7"	24	8	"Control"
"5"	"F279L"	"7"	36	1	"Control"
"6"	"I203V"	"-42"	24	1	"Experiment"
"6"	"I203V"	"-42"	36	5	"Experiment"
"6"	"I203V"	"-42"	48	4	"Experiment"
"6"	"I203V"	"-42"	60	2	"Experiment"
"6"	"I203V"	"-42"	84	2	"Experiment"
"6"	"I203V"	"-42"	0	2	"Control"
"6"	"I203V"	"-42"	12	3	"Control"
"6"	"I203V"	"-42"	24	4	"Control"
"6"	"C211W"	"3"	24	7	"Experiment"
"6"	"C211W"	"3"	36	6	"Experiment"
"6"	"C211W"	"3"	48	4	"Experiment"
"6"	"C211W"	"7"	24	4	"Experiment"
"6"	"C211W"	"7"	36	5	"Experiment"
"6"	"C211W"	"3"	0	2	"Control"
"6"	"C211W"	"3"	12	5	"Control"
"6"	"C211W"	"3"	24	3	"Control"
"6"	"C211W"	"3"	36	1	"Control"
"6"	"C211W"	"3"	48	1	"Control"
"6"	"C211W"	"7"	0	3	"Control"
"6"	"C211W"	"7"	12	3	"Control"
"6"	"C211W"	"7"	24	2	"Control"
"6"	"Y178X"	"3"	0	3	"Experiment"
"6"	"Y178X"	"3"	12	14	"Experiment"
"6"	"Y178X"	"3"	24	7	"Experiment"
"6"	"Y178X"	"3"	36	2	"Experiment"
"6"	"Y178X"	"3"	48	2	"Experiment"
"6"	"Y178X"	"6"	0	4	"Experiment"
"6"	"Y178X"	"6"	12	3	"Experiment"
"6"	"Y178X"	"7"	12	4	"Experiment"
"6"	"Y178X"	"7"	24	5	"Experiment"
"6"	"Y178X"	"7"	48	1	"Experiment"
"6"	"Y178X"	"3"	0	1	"Control"
"6"	"Y178X"	"3"	12	4	"Control"
"6"	"Y178X"	"3"	24	4	"Control"
"6"	"Y178X"	"3"	36	2	"Control"
"6"	"Y178X"	"3"	72	1	"Control"
"6"	"Y178X"	"6"	0	3	"Control"
"6"	"Y178X"	"6"	12	1	"Control"
"6"	"Y178X"	"6"	24	1	"Control"
"6"	"Y178X"	"7"	0	1	"Control"
"6"	"Y178X"	"7"	12	3	"Control"
"6"	"Y178X"	"7"	36	1	"Control"
"6"	"Q298E"	"3"	48	2	"Experiment"
"6"	"Q298E"	"3"	60	1	"Experiment"
"6"	"Q298E"	"7"	36	4	"Experiment"
"6"	"Q298E"	"7"	48	7	"Experiment"
"6"	"Q298E"	"7"	60	6	"Experiment"
"6"	"Q298E"	"7"	72	4	"Experiment"
"6"	"Q298E"	"7"	84	2	"Experiment"
"6"	"Q298E"	"7"	96	2	"Experiment"
"6"	"Q298E"	"3"	0	1	"Control"
"6"	"Q298E"	"3"	12	5	"Control"
"6"	"Q298E"	"3"	24	1	"Control"
"6"	"Q298E"	"7"	0	2	"Control"
"6"	"Q298E"	"7"	12	12	"Control"
"6"	"Q298E"	"7"	24	7	"Control"
"6"	"Q298E"	"7"	36	2	"Control"
"6"	"G36E"	"3"	0	3	"Experiment"
"6"	"G36E"	"3"	12	9	"Experiment"
"6"	"G36E"	"3"	24	10	"Experiment"
"6"	"G36E"	"3"	36	9	"Experiment"
"6"	"G36E"	"3"	48	3	"Experiment"
"6"	"G36E"	"3"	60	1	"Experiment"
"6"	"G36E"	"6"	0	5	"Experiment"
"6"	"G36E"	"6"	12	6	"Experiment"
"6"	"G36E"	"6"	24	5	"Experiment"
"6"	"G36E"	"6"	36	1	"Experiment"
"6"	"G36E"	"6"	48	1	"Experiment"
"6"	"G36E"	"7"	0	6	"Experiment"
"6"	"G36E"	"7"	12	14	"Experiment"
"6"	"G36E"	"7"	24	1	"Experiment"
"6"	"G36E"	"3"	0	1	"Control"
"6"	"G36E"	"3"	12	3	"Control"
"6"	"G36E"	"3"	24	8	"Control"
"6"	"G36E"	"3"	36	10	"Control"
"6"	"G36E"	"3"	48	5	"Control"
"6"	"G36E"	"3"	60	3	"Control"
"6"	"G36E"	"6"	0	2	"Control"
"6"	"G36E"	"6"	12	7	"Control"
"6"	"G36E"	"6"	24	4	"Control"
"6"	"G36E"	"6"	36	1	"Control"
"6"	"G36E"	"7"	0	6	"Control"
"6"	"G36E"	"7"	12	7	"Control"
"6"	"G36E"	"7"	24	2	"Control"
"6"	"G36E"	"7"	60	1	"Control"
"6"	"N12T"	"3"	12	8	"Experiment"
"6"	"N12T"	"3"	24	12	"Experiment"
"6"	"N12T"	"3"	36	2	"Experiment"
"6"	"N12T"	"7"	0	1	"Experiment"
"6"	"N12T"	"7"	12	1	"Experiment"
"6"	"N12T"	"7"	24	4	"Experiment"
"6"	"N12T"	"7"	36	1	"Experiment"
"6"	"N12T"	"3"	0	1	"Control"
"6"	"N12T"	"3"	12	8	"Control"
"6"	"N12T"	"3"	24	3	"Control"
"6"	"N12T"	"3"	72	1	"Control"
"6"	"N12T"	"7"	0	4	"Control"
"6"	"N12T"	"7"	12	2	"Control"
"6"	"N12T"	"7"	24	1	"Control"
"6"	"M1I"	"3"	0	5	"Experiment"
"6"	"M1I"	"3"	12	9	"Experiment"
"6"	"M1I"	"3"	24	8	"Experiment"
"6"	"M1I"	"3"	36	1	"Experiment"
"6"	"M1I"	"3"	48	1	"Experiment"
"6"	"M1I"	"6"	12	6	"Experiment"
"6"	"M1I"	"6"	24	8	"Experiment"
"6"	"M1I"	"6"	72	1	"Experiment"
"6"	"M1I"	"7"	0	7	"Experiment"
"6"	"M1I"	"7"	12	3	"Experiment"
"6"	"M1I"	"7"	24	3	"Experiment"
"6"	"M1I"	"3"	0	5	"Control"
"6"	"M1I"	"3"	12	6	"Control"
"6"	"M1I"	"3"	24	6	"Control"
"6"	"M1I"	"3"	36	1	"Control"
"6"	"M1I"	"3"	48	3	"Control"
"6"	"M1I"	"6"	0	1	"Control"
"6"	"M1I"	"6"	12	4	"Control"
"6"	"M1I"	"6"	24	5	"Control"
"6"	"M1I"	"6"	36	2	"Control"
"6"	"M1I"	"6"	48	1	"Control"
"6"	"M1I"	"7"	0	9	"Control"
"6"	"M1I"	"7"	12	1	"Control"
"6"	"M1I"	"7"	24	4	"Control"
"6"	"T202I"	"3"	24	1	"Experiment"
"6"	"T202I"	"3"	36	9	"Experiment"
"6"	"T202I"	"3"	48	11	"Experiment"
"6"	"T202I"	"3"	60	11	"Experiment"
"6"	"T202I"	"3"	72	5	"Experiment"
"6"	"T202I"	"6"	12	2	"Experiment"
"6"	"T202I"	"6"	24	9	"Experiment"
"6"	"T202I"	"6"	36	7	"Experiment"
"6"	"T202I"	"6"	48	2	"Experiment"
"6"	"T202I"	"6"	60	3	"Experiment"
"6"	"T202I"	"7"	12	3	"Experiment"
"6"	"T202I"	"7"	24	5	"Experiment"
"6"	"T202I"	"7"	36	3	"Experiment"
"6"	"T202I"	"3"	0	1	"Control"
"6"	"T202I"	"3"	12	4	"Control"
"6"	"T202I"	"3"	24	9	"Control"
"6"	"T202I"	"3"	36	7	"Control"
"6"	"T202I"	"3"	48	3	"Control"
"6"	"T202I"	"3"	60	1	"Control"
"6"	"T202I"	"3"	72	3	"Control"
"6"	"T202I"	"6"	0	4	"Control"
"6"	"T202I"	"6"	12	2	"Control"
"6"	"T202I"	"6"	24	9	"Control"
"6"	"T202I"	"6"	36	4	"Control"
"6"	"T202I"	"7"	0	2	"Control"
"6"	"T202I"	"7"	12	2	"Control"
"6"	"T202I"	"7"	24	2	"Control"
"6"	"T202I"	"7"	36	1	"Control"
"6"	"R15S"	"3"	0	1	"Experiment"
"6"	"R15S"	"3"	12	7	"Experiment"
"6"	"R15S"	"3"	24	17	"Experiment"
"6"	"R15S"	"3"	36	3	"Experiment"
"6"	"R15S"	"6"	0	2	"Experiment"
"6"	"R15S"	"6"	12	11	"Experiment"
"6"	"R15S"	"6"	24	1	"Experiment"
"6"	"R15S"	"6"	36	1	"Experiment"
"6"	"R15S"	"7"	12	13	"Experiment"
"6"	"R15S"	"7"	24	4	"Experiment"
"6"	"R15S"	"3"	12	5	"Control"
"6"	"R15S"	"3"	24	10	"Control"
"6"	"R15S"	"3"	36	8	"Control"
"6"	"R15S"	"3"	48	2	"Control"
"6"	"R15S"	"6"	0	1	"Control"
"6"	"R15S"	"6"	12	6	"Control"
"6"	"R15S"	"6"	24	3	"Control"
"6"	"R15S"	"6"	36	1	"Control"
"6"	"R15S"	"6"	60	1	"Control"
"6"	"R15S"	"7"	0	4	"Control"
"6"	"R15S"	"7"	24	8	"Control"
"6"	"R15S"	"7"	48	1	"Control"
"6"	"D107G"	"3"	24	13	"Experiment"
"6"	"D107G"	"3"	36	12	"Experiment"
"6"	"D107G"	"3"	48	8	"Experiment"
"6"	"D107G"	"3"	60	3	"Experiment"
"6"	"D107G"	"3"	72	1	"Experiment"
"6"	"D107G"	"6"	24	4	"Experiment"
"6"	"D107G"	"6"	36	5	"Experiment"
"6"	"D107G"	"6"	48	1	"Experiment"
"6"	"D107G"	"7"	24	5	"Experiment"
"6"	"D107G"	"7"	36	6	"Experiment"
"6"	"D107G"	"7"	48	1	"Experiment"
"6"	"D107G"	"3"	0	1	"Control"
"6"	"D107G"	"3"	12	8	"Control"
"6"	"D107G"	"3"	24	1	"Control"
"6"	"D107G"	"3"	36	4	"Control"
"6"	"D107G"	"3"	48	1	"Control"
"6"	"D107G"	"3"	60	1	"Control"
"6"	"D107G"	"6"	0	1	"Control"
"6"	"D107G"	"6"	12	1	"Control"
"6"	"D107G"	"6"	24	2	"Control"
"6"	"D107G"	"6"	36	1	"Control"
"6"	"D107G"	"7"	0	2	"Control"
"6"	"D107G"	"7"	12	4	"Control"
"6"	"D107G"	"7"	24	1	"Control"
"6"	"WT"	"1"	24	2	"Experiment"
"6"	"WT"	"1"	36	4	"Experiment"
"6"	"WT"	"1"	48	3	"Experiment"
"6"	"WT"	"3"	0	1	"Experiment"
"6"	"WT"	"3"	12	1	"Experiment"
"6"	"WT"	"3"	24	1	"Experiment"
"6"	"WT"	"3"	36	3	"Experiment"
"6"	"WT"	"3"	48	1	"Experiment"
"6"	"WT"	"3"	60	1	"Experiment"
"6"	"WT"	"6"	12	2	"Experiment"
"6"	"WT"	"6"	24	4	"Experiment"
"6"	"WT"	"6"	36	11	"Experiment"
"6"	"WT"	"6"	48	3	"Experiment"
"6"	"WT"	"6"	60	2	"Experiment"
"6"	"WT"	"6"	72	1	"Experiment"
"6"	"WT"	"7"	24	4	"Experiment"
"6"	"WT"	"7"	36	8	"Experiment"
"6"	"WT"	"7"	48	7	"Experiment"
"6"	"WT"	"7"	60	3	"Experiment"
"6"	"WT"	"1"	0	4	"Control"
"6"	"WT"	"1"	12	11	"Control"
"6"	"WT"	"3"	0	2	"Control"
"6"	"WT"	"3"	12	2	"Control"
"6"	"WT"	"6"	0	2	"Control"
"6"	"WT"	"6"	12	6	"Control"
"6"	"WT"	"6"	24	2	"Control"
"6"	"WT"	"6"	36	2	"Control"
"6"	"WT"	"7"	0	3	"Control"
"6"	"WT"	"7"	12	5	"Control"
"6"	"WT"	"7"	24	3	"Control"
"6"	"WT"	"7"	36	1	"Control"
"6"	"C124S"	"1"	0	1	"Experiment"
"6"	"C124S"	"1"	12	2	"Experiment"
"6"	"C124S"	"1"	24	7	"Experiment"
"6"	"C124S"	"3"	0	5	"Experiment"
"6"	"C124S"	"3"	12	7	"Experiment"
"6"	"C124S"	"6"	0	2	"Experiment"
"6"	"C124S"	"6"	12	12	"Experiment"
"6"	"C124S"	"7"	0	4	"Experiment"
"6"	"C124S"	"7"	12	9	"Experiment"
"6"	"C124S"	"7"	24	6	"Experiment"
"6"	"C124S"	"7"	36	1	"Experiment"
"6"	"C124S"	"1"	0	2	"Control"
"6"	"C124S"	"1"	12	1	"Control"
"6"	"C124S"	"1"	24	8	"Control"
"6"	"C124S"	"3"	0	1	"Control"
"6"	"C124S"	"3"	12	7	"Control"
"6"	"C124S"	"3"	36	2	"Control"
"6"	"C124S"	"6"	12	4	"Control"
"6"	"C124S"	"6"	24	9	"Control"
"6"	"C124S"	"7"	0	1	"Control"
"6"	"C124S"	"7"	12	2	"Control"
"6"	"C124S"	"7"	24	8	"Control"
"6"	"C124S"	"7"	36	2	"Control"
"6"	"attp2"	"7"	12	7	"Experiment"
"6"	"attp2"	"7"	24	6	"Experiment"
"6"	"attp2"	"7"	36	1	"Experiment"
"6"	"attp2"	"7"	0	3	"Control"
"6"	"attp2"	"7"	12	4	"Control"
"6"	"attp2"	"7"	24	3	"Control"
"6"	"attp2"	"7"	36	2	"Control"
"6"	"attp2"	"7"	72	1	"Control"
"6"	"K330E"	"3"	0	1	"Experiment"
"6"	"K330E"	"3"	12	3	"Experiment"
"6"	"K330E"	"3"	24	8	"Experiment"
"6"	"K330E"	"3"	36	10	"Experiment"
"6"	"K330E"	"3"	48	4	"Experiment"
"6"	"K330E"	"3"	60	1	"Experiment"
"6"	"K330E"	"3"	72	3	"Experiment"
"6"	"K330E"	"6"	0	2	"Experiment"
"6"	"K330E"	"6"	12	4	"Experiment"
"6"	"K330E"	"6"	24	11	"Experiment"
"6"	"K330E"	"6"	36	8	"Experiment"
"6"	"K330E"	"6"	48	2	"Experiment"
"6"	"K330E"	"7"	0	1	"Experiment"
"6"	"K330E"	"7"	12	2	"Experiment"
"6"	"K330E"	"7"	36	2	"Experiment"
"6"	"K330E"	"7"	48	2	"Experiment"
"6"	"K330E"	"3"	0	10	"Control"
"6"	"K330E"	"3"	12	5	"Control"
"6"	"K330E"	"3"	24	3	"Control"
"6"	"K330E"	"3"	36	1	"Control"
"6"	"K330E"	"6"	0	16	"Control"
"6"	"K330E"	"6"	12	7	"Control"
"6"	"K330E"	"6"	24	2	"Control"
"6"	"K330E"	"6"	36	3	"Control"
"6"	"K330E"	"7"	0	2	"Control"
"6"	"K330E"	"7"	12	2	"Control"
"6"	"M134T"	"3"	0	17	"Experiment"
"6"	"M134T"	"3"	12	9	"Experiment"
"6"	"M134T"	"3"	24	5	"Experiment"
"6"	"M134T"	"6"	0	1	"Experiment"
"6"	"M134T"	"6"	12	6	"Experiment"
"6"	"M134T"	"6"	24	10	"Experiment"
"6"	"M134T"	"6"	36	5	"Experiment"
"6"	"M134T"	"7"	0	8	"Experiment"
"6"	"M134T"	"7"	12	14	"Experiment"
"6"	"M134T"	"7"	24	10	"Experiment"
"6"	"M134T"	"7"	36	4	"Experiment"
"6"	"M134T"	"3"	0	2	"Control"
"6"	"M134T"	"3"	12	5	"Control"
"6"	"M134T"	"3"	24	17	"Control"
"6"	"M134T"	"3"	48	2	"Control"
"6"	"M134T"	"6"	0	2	"Control"
"6"	"M134T"	"6"	12	2	"Control"
"6"	"M134T"	"6"	24	12	"Control"
"6"	"M134T"	"6"	36	5	"Control"
"6"	"M134T"	"7"	0	3	"Control"
"6"	"M134T"	"7"	12	7	"Control"
"6"	"M134T"	"7"	24	8	"Control"
"6"	"M134T"	"7"	36	6	"Control"
"6"	"M134T"	"7"	60	2	"Control"
"6"	"G44D"	"3"	0	1	"Experiment"
"6"	"G44D"	"3"	12	9	"Experiment"
"6"	"G44D"	"7"	0	11	"Experiment"
"6"	"G44D"	"7"	12	4	"Experiment"
"6"	"G44D"	"7"	24	1	"Experiment"
"6"	"G44D"	"3"	0	2	"Control"
"6"	"G44D"	"3"	12	7	"Control"
"6"	"G44D"	"7"	0	2	"Control"
"6"	"G44D"	"7"	36	1	"Control"
"6"	"R130L"	"3"	0	2	"Experiment"
"6"	"R130L"	"3"	12	17	"Experiment"
"6"	"R130L"	"3"	24	5	"Experiment"
"6"	"R130L"	"3"	36	5	"Experiment"
"6"	"R130L"	"6"	0	9	"Experiment"
"6"	"R130L"	"7"	0	6	"Experiment"
"6"	"R130L"	"7"	12	4	"Experiment"
"6"	"R130L"	"7"	24	2	"Experiment"
"6"	"R130L"	"7"	60	1	"Experiment"
"6"	"R130L"	"3"	0	1	"Control"
"6"	"R130L"	"3"	12	5	"Control"
"6"	"R130L"	"3"	24	5	"Control"
"6"	"R130L"	"3"	36	3	"Control"
"6"	"R130L"	"3"	60	2	"Control"
"6"	"R130L"	"6"	0	7	"Control"
"6"	"R130L"	"6"	12	3	"Control"
"6"	"R130L"	"7"	0	7	"Control"
"6"	"R130L"	"7"	24	3	"Control"
"6"	"R130L"	"7"	48	1	"Control"
"6"	"D92N"	"3"	0	6	"Experiment"
"6"	"D92N"	"3"	12	18	"Experiment"
"6"	"D92N"	"3"	24	7	"Experiment"
"6"	"D92N"	"3"	36	1	"Experiment"
"6"	"D92N"	"6"	0	2	"Experiment"
"6"	"D92N"	"6"	12	6	"Experiment"
"6"	"D92N"	"6"	24	7	"Experiment"
"6"	"D92N"	"6"	36	1	"Experiment"
"6"	"D92N"	"7"	12	2	"Experiment"
"6"	"D92N"	"7"	24	2	"Experiment"
"6"	"D92N"	"3"	0	2	"Control"
"6"	"D92N"	"3"	12	4	"Control"
"6"	"D92N"	"3"	24	6	"Control"
"6"	"D92N"	"3"	36	6	"Control"
"6"	"D92N"	"3"	48	1	"Control"
"6"	"D92N"	"6"	0	3	"Control"
"6"	"D92N"	"6"	12	1	"Control"
"6"	"D92N"	"6"	24	10	"Control"
"6"	"D92N"	"6"	48	2	"Control"
"6"	"D92N"	"7"	0	1	"Control"
"6"	"D92N"	"7"	12	5	"Control"
"6"	"D92N"	"7"	24	3	"Control"
"6"	"D92N"	"7"	48	1	"Control"
"6"	"G129E"	"3"	0	4	"Experiment"
"6"	"G129E"	"3"	12	11	"Experiment"
"6"	"G129E"	"3"	24	15	"Experiment"
"6"	"G129E"	"3"	36	3	"Experiment"
"6"	"G129E"	"3"	60	1	"Experiment"
"6"	"G129E"	"6"	0	4	"Experiment"
"6"	"G129E"	"6"	12	18	"Experiment"
"6"	"G129E"	"6"	24	4	"Experiment"
"6"	"G129E"	"6"	36	2	"Experiment"
"6"	"G129E"	"7"	0	3	"Experiment"
"6"	"G129E"	"7"	12	8	"Experiment"
"6"	"G129E"	"7"	24	4	"Experiment"
"6"	"G129E"	"7"	36	3	"Experiment"
"6"	"G129E"	"7"	60	1	"Experiment"
"6"	"G129E"	"3"	12	4	"Control"
"6"	"G129E"	"3"	24	9	"Control"
"6"	"G129E"	"3"	36	11	"Control"
"6"	"G129E"	"3"	48	2	"Control"
"6"	"G129E"	"3"	60	2	"Control"
"6"	"G129E"	"3"	72	1	"Control"
"6"	"G129E"	"6"	0	1	"Control"
"6"	"G129E"	"6"	12	3	"Control"
"6"	"G129E"	"6"	24	2	"Control"
"6"	"G129E"	"6"	36	2	"Control"
"6"	"G129E"	"7"	12	2	"Control"
"6"	"G129E"	"7"	24	11	"Control"
"6"	"G129E"	"7"	36	3	"Control"
"6"	"G129E"	"7"	48	1	"Control"
"6"	"L139X"	"3"	0	16	"Experiment"
"6"	"L139X"	"3"	12	2	"Experiment"
"6"	"L139X"	"3"	24	1	"Experiment"
"6"	"L139X"	"7"	0	7	"Experiment"
"6"	"L139X"	"7"	12	4	"Experiment"
"6"	"L139X"	"7"	24	1	"Experiment"
"6"	"L139X"	"3"	0	20	"Control"
"6"	"L139X"	"3"	12	9	"Control"
"6"	"L139X"	"3"	24	1	"Control"
"6"	"L139X"	"7"	0	1	"Control"
"6"	"L139X"	"7"	12	3	"Control"
"6"	"L139X"	"7"	24	2	"Control"
"6"	"L139X"	"7"	36	2	"Control"
"6"	"L139X"	"7"	48	1	"Control"
"6"	"H93Y"	"3"	0	8	"Experiment"
"6"	"H93Y"	"3"	12	17	"Experiment"
"6"	"H93Y"	"3"	24	5	"Experiment"
"6"	"H93Y"	"3"	36	1	"Experiment"
"6"	"H93Y"	"7"	0	5	"Experiment"
"6"	"H93Y"	"7"	12	8	"Experiment"
"6"	"H93Y"	"7"	24	6	"Experiment"
"6"	"H93Y"	"7"	36	3	"Experiment"
"6"	"H93Y"	"7"	60	1	"Experiment"
"6"	"H93Y"	"3"	0	1	"Control"
"6"	"H93Y"	"3"	12	8	"Control"
"6"	"H93Y"	"3"	24	5	"Control"
"6"	"H93Y"	"3"	36	1	"Control"
"6"	"H93Y"	"3"	60	1	"Control"
"6"	"H93Y"	"7"	0	1	"Control"
"6"	"H93Y"	"7"	12	4	"Control"
"6"	"H93Y"	"7"	24	9	"Control"
"6"	"H93Y"	"7"	36	3	"Control"
"6"	"F56C"	"3"	0	3	"Experiment"
"6"	"F56C"	"3"	12	9	"Experiment"
"6"	"F56C"	"3"	24	5	"Experiment"
"6"	"F56C"	"7"	0	1	"Experiment"
"6"	"F56C"	"7"	12	2	"Experiment"
"6"	"F56C"	"7"	24	10	"Experiment"
"6"	"F56C"	"7"	36	2	"Experiment"
"6"	"F56C"	"3"	0	1	"Control"
"6"	"F56C"	"3"	12	4	"Control"
"6"	"F56C"	"3"	24	2	"Control"
"6"	"F56C"	"3"	36	2	"Control"
"6"	"F56C"	"7"	0	1	"Control"
"6"	"F56C"	"7"	24	9	"Control"
"6"	"F56C"	"7"	36	2	"Control"
"7"	"L295V"	"7"	0	1	"Experiment"
"7"	"L295V"	"7"	12	2	"Experiment"
"7"	"L295V"	"7"	24	2	"Experiment"
"7"	"L295V"	"7"	36	6	"Experiment"
"7"	"L295V"	"7"	0	4	"Control"
"7"	"L295V"	"7"	12	5	"Control"
"7"	"L295V"	"7"	24	3	"Control"
"7"	"L295V"	"7"	36	1	"Control"
"7"	"A126P"	"3"	0	11	"Experiment"
"7"	"A126P"	"3"	12	11	"Experiment"
"7"	"A126P"	"7"	0	1	"Experiment"
"7"	"A126P"	"7"	12	9	"Experiment"
"7"	"A126P"	"7"	24	3	"Experiment"
"7"	"A126P"	"7"	60	1	"Experiment"
"7"	"A126P"	"3"	0	6	"Control"
"7"	"A126P"	"3"	12	4	"Control"
"7"	"A126P"	"3"	24	4	"Control"
"7"	"A126P"	"7"	0	1	"Control"
"7"	"A126P"	"7"	12	1	"Control"
"7"	"A126P"	"7"	24	3	"Control"
"7"	"A126P"	"7"	60	1	"Control"
"7"	"A126P"	"7"	72	1	"Control"
"7"	"D326N"	"3"	0	8	"Experiment"
"7"	"D326N"	"3"	12	4	"Experiment"
"7"	"D326N"	"3"	24	13	"Experiment"
"7"	"D326N"	"3"	36	2	"Experiment"
"7"	"D326N"	"3"	48	5	"Experiment"
"7"	"D326N"	"3"	60	2	"Experiment"
"7"	"D326N"	"7"	0	1	"Experiment"
"7"	"D326N"	"7"	12	6	"Experiment"
"7"	"D326N"	"7"	24	1	"Experiment"
"7"	"D326N"	"7"	36	1	"Experiment"
"7"	"D326N"	"3"	0	2	"Control"
"7"	"D326N"	"3"	12	2	"Control"
"7"	"D326N"	"3"	24	6	"Control"
"7"	"D326N"	"3"	36	3	"Control"
"7"	"D326N"	"3"	48	3	"Control"
"7"	"D326N"	"3"	60	2	"Control"
"7"	"D326N"	"3"	84	1	"Control"
"7"	"D326N"	"7"	0	2	"Control"
"7"	"D326N"	"7"	12	5	"Control"
"7"	"C124S"	"7"	0	2	"Experiment"
"7"	"C124S"	"7"	12	3	"Experiment"
"7"	"C124S"	"7"	24	3	"Experiment"
"7"	"C124S"	"7"	36	2	"Experiment"
"7"	"C124S"	"3"	12	4	"Control"
"7"	"C124S"	"3"	36	2	"Control"
"7"	"C124S"	"3"	48	2	"Control"
"7"	"WT"	"3"	24	5	"Experiment"
"7"	"WT"	"3"	36	5	"Experiment"
"7"	"WT"	"3"	48	11	"Experiment"
"7"	"WT"	"3"	72	2	"Experiment"
"7"	"WT"	"3"	84	1	"Experiment"
"7"	"WT"	"6"	12	2	"Experiment"
"7"	"WT"	"6"	24	2	"Experiment"
"7"	"WT"	"6"	36	2	"Experiment"
"7"	"WT"	"6"	60	2	"Experiment"
"7"	"WT"	"7"	24	1	"Experiment"
"7"	"WT"	"7"	36	3	"Experiment"
"7"	"WT"	"7"	48	4	"Experiment"
"7"	"WT"	"7"	60	2	"Experiment"
"7"	"WT"	"3"	0	6	"Control"
"7"	"WT"	"3"	12	6	"Control"
"7"	"WT"	"3"	24	6	"Control"
"7"	"WT"	"3"	36	3	"Control"
"7"	"WT"	"3"	60	3	"Control"
"7"	"WT"	"6"	0	3	"Control"
"7"	"WT"	"6"	12	8	"Control"
"7"	"WT"	"6"	24	1	"Control"
"7"	"WT"	"6"	36	1	"Control"
"7"	"WT"	"7"	0	1	"Control"
"7"	"WT"	"7"	24	9	"Control"
"7"	"WT"	"7"	36	1	"Control"
"7"	"C124S"	"3"	0	7	"Experiment"
"7"	"C124S"	"3"	12	9	"Experiment"
"7"	"C124S"	"3"	24	3	"Experiment"
"7"	"C124S"	"6"	0	1	"Experiment"
"7"	"C124S"	"6"	12	3	"Experiment"
"7"	"C124S"	"6"	24	4	"Experiment"
"7"	"C124S"	"6"	36	5	"Experiment"
"7"	"C124S"	"7"	0	2	"Experiment"
"7"	"C124S"	"7"	12	4	"Experiment"
"7"	"C124S"	"3"	0	1	"Control"
"7"	"C124S"	"3"	12	6	"Control"
"7"	"C124S"	"3"	24	8	"Control"
"7"	"C124S"	"3"	36	2	"Control"
"7"	"C124S"	"3"	60	1	"Control"
"7"	"C124S"	"6"	0	2	"Control"
"7"	"C124S"	"6"	24	1	"Control"
"7"	"C124S"	"6"	36	2	"Control"
"7"	"C124S"	"6"	60	1	"Control"
"7"	"C124S"	"7"	12	7	"Control"
"7"	"WT"	"3"	12	2	"Experiment"
"7"	"WT"	"3"	24	4	"Experiment"
"7"	"WT"	"3"	36	5	"Experiment"
"7"	"WT"	"3"	48	3	"Experiment"
"7"	"WT"	"3"	60	1	"Experiment"
"7"	"WT"	"7"	12	2	"Experiment"
"7"	"WT"	"7"	24	5	"Experiment"
"7"	"WT"	"7"	36	5	"Experiment"
"7"	"WT"	"7"	48	3	"Experiment"
"7"	"WT"	"7"	72	1	"Experiment"
"7"	"WT"	"7"	84	1	"Experiment"
"7"	"WT"	"3"	0	2	"Control"
"7"	"WT"	"3"	12	10	"Control"
"7"	"WT"	"3"	24	2	"Control"
"7"	"WT"	"7"	0	3	"Control"
"7"	"WT"	"7"	12	11	"Control"
"7"	"WT"	"7"	24	3	"Control"
"7"	"WT"	"7"	36	1	"Control"
"7"	"WT"	"7"	48	2	"Control"
"7"	"WT"	"7"	72	1	"Control"
"7"	"WT"	"7"	84	1	"Control"
"7"	"attp2"	"3"	0	1	"Experiment"
"7"	"attp2"	"3"	12	10	"Experiment"
"7"	"attp2"	"3"	24	6	"Experiment"
"7"	"attp2"	"3"	36	4	"Experiment"
"7"	"attp2"	"3"	48	1	"Experiment"
"7"	"attp2"	"7"	12	2	"Experiment"
"7"	"attp2"	"7"	24	5	"Experiment"
"7"	"attp2"	"7"	36	1	"Experiment"
"7"	"attp2"	"7"	48	2	"Experiment"
"7"	"attp2"	"7"	72	1	"Experiment"
"7"	"attp2"	"3"	0	1	"Control"
"7"	"attp2"	"3"	12	3	"Control"
"7"	"attp2"	"3"	24	1	"Control"
"7"	"attp2"	"3"	36	5	"Control"
"7"	"attp2"	"3"	48	1	"Control"
"7"	"attp2"	"7"	0	1	"Control"
"7"	"attp2"	"7"	12	3	"Control"
"7"	"attp2"	"7"	24	2	"Control"
"7"	"attp2"	"7"	36	1	"Control"
"7"	"attp2"	"7"	48	2	"Control"
"7"	"A309S"	"3"	0	1	"Experiment"
"7"	"A309S"	"3"	24	2	"Experiment"
"7"	"A309S"	"3"	36	4	"Experiment"
"7"	"A309S"	"3"	48	3	"Experiment"
"7"	"A309S"	"3"	60	2	"Experiment"
"7"	"A309S"	"7"	12	2	"Experiment"
"7"	"A309S"	"7"	24	1	"Experiment"
"7"	"A309S"	"7"	36	2	"Experiment"
"7"	"A309S"	"7"	72	1	"Experiment"
"7"	"A309S"	"3"	0	1	"Control"
"7"	"A309S"	"3"	12	1	"Control"
"7"	"A309S"	"3"	36	1	"Control"
"7"	"A309S"	"3"	84	5	"Control"
"7"	"A309S"	"7"	0	8	"Control"
"7"	"A309S"	"7"	12	1	"Control"
"7"	"A309S"	"7"	24	1	"Control"
"7"	"P357S"	"3"	24	2	"Experiment"
"7"	"P357S"	"3"	36	5	"Experiment"
"7"	"P357S"	"3"	48	3	"Experiment"
"7"	"P357S"	"3"	60	1	"Experiment"
"7"	"P357S"	"3"	72	1	"Experiment"
"7"	"P357S"	"7"	12	4	"Experiment"
"7"	"P357S"	"7"	36	3	"Experiment"
"7"	"P357S"	"7"	48	3	"Experiment"
"7"	"P357S"	"3"	0	1	"Control"
"7"	"P357S"	"3"	24	5	"Control"
"7"	"P357S"	"3"	36	1	"Control"
"7"	"P357S"	"3"	48	2	"Control"
"7"	"P357S"	"7"	0	1	"Control"
"7"	"P357S"	"7"	12	6	"Control"
"7"	"P357S"	"7"	36	1	"Control"
"7"	"L320X"	"3"	0	10	"Experiment"
"7"	"L320X"	"3"	12	3	"Experiment"
"7"	"L320X"	"3"	24	2	"Experiment"
"7"	"L320X"	"3"	36	1	"Experiment"
"7"	"L320X"	"6"	12	6	"Experiment"
"7"	"L320X"	"6"	24	2	"Experiment"
"7"	"L320X"	"6"	48	1	"Experiment"
"7"	"L320X"	"6"	72	1	"Experiment"
"7"	"L320X"	"7"	0	3	"Experiment"
"7"	"L320X"	"7"	12	5	"Experiment"
"7"	"L320X"	"7"	48	6	"Experiment"
"7"	"L320X"	"3"	0	4	"Control"
"7"	"L320X"	"3"	12	2	"Control"
"7"	"L320X"	"3"	24	3	"Control"
"7"	"L320X"	"6"	0	1	"Control"
"7"	"L320X"	"6"	12	4	"Control"
"7"	"L320X"	"6"	24	1	"Control"
"7"	"L320X"	"6"	36	2	"Control"
"7"	"L320X"	"6"	48	2	"Control"
"7"	"L320X"	"7"	12	7	"Control"
"7"	"L320X"	"7"	24	1	"Control"
"7"	"L320X"	"7"	36	3	"Control"
"7"	"L320X"	"7"	48	2	"Control"
"7"	"Y65C"	"3"	12	2	"Experiment"
"7"	"Y65C"	"3"	24	7	"Experiment"
"7"	"Y65C"	"3"	36	2	"Experiment"
"7"	"Y65C"	"3"	60	2	"Experiment"
"7"	"Y65C"	"3"	72	1	"Experiment"
"7"	"Y65C"	"6"	12	1	"Experiment"
"7"	"Y65C"	"6"	24	6	"Experiment"
"7"	"Y65C"	"6"	36	1	"Experiment"
"7"	"Y65C"	"6"	48	2	"Experiment"
"7"	"Y65C"	"6"	84	1	"Experiment"
"7"	"Y65C"	"7"	24	4	"Experiment"
"7"	"Y65C"	"7"	36	2	"Experiment"
"7"	"Y65C"	"7"	48	1	"Experiment"
"7"	"Y65C"	"7"	60	1	"Experiment"
"7"	"Y65C"	"3"	0	6	"Control"
"7"	"Y65C"	"3"	12	3	"Control"
"7"	"Y65C"	"3"	36	1	"Control"
"7"	"Y65C"	"6"	0	3	"Control"
"7"	"Y65C"	"6"	12	2	"Control"
"7"	"Y65C"	"6"	24	1	"Control"
"7"	"Y65C"	"6"	84	1	"Control"
"7"	"Y65C"	"7"	0	1	"Control"
"7"	"Y65C"	"7"	12	2	"Control"
"7"	"Y65C"	"7"	24	1	"Control"
"7"	"Y65C"	"7"	36	1	"Control"
"7"	"R173H"	"3"	24	2	"Experiment"
"7"	"R173H"	"3"	36	3	"Experiment"
"7"	"R173H"	"3"	48	1	"Experiment"
"7"	"R173H"	"7"	24	5	"Experiment"
"7"	"R173H"	"7"	36	5	"Experiment"
"7"	"R173H"	"7"	48	1	"Experiment"
"7"	"R173H"	"7"	60	1	"Experiment"
"7"	"R173H"	"7"	72	1	"Experiment"
"7"	"R173H"	"3"	0	1	"Control"
"7"	"R173H"	"3"	12	1	"Control"
"7"	"R173H"	"3"	24	4	"Control"
"7"	"R173H"	"3"	48	1	"Control"
"7"	"R173H"	"7"	0	1	"Control"
"7"	"R173H"	"7"	24	2	"Control"
"7"	"R173H"	"7"	36	1	"Control"
"7"	"M1I"	"3"	0	3	"Experiment"
"7"	"M1I"	"3"	12	1	"Experiment"
"7"	"M1I"	"3"	24	1	"Experiment"
"7"	"M1I"	"7"	0	1	"Experiment"
"7"	"M1I"	"7"	12	6	"Experiment"
"7"	"M1I"	"7"	36	1	"Experiment"
"7"	"M1I"	"3"	0	2	"Control"
"7"	"M1I"	"3"	12	5	"Control"
"7"	"M1I"	"3"	24	1	"Control"
"7"	"M1I"	"3"	36	1	"Control"
"7"	"M1I"	"7"	12	6	"Control"
"7"	"M1I"	"7"	24	3	"Control"
"7"	"M1I"	"7"	36	3	"Control"
"7"	"M1I"	"7"	72	1	"Control"
"7"	"R14G"	"3"	0	6	"Experiment"
"7"	"R14G"	"3"	12	9	"Experiment"
"7"	"R14G"	"3"	24	8	"Experiment"
"7"	"R14G"	"3"	72	1	"Experiment"
"7"	"R14G"	"3"	84	1	"Experiment"
"7"	"R14G"	"6"	0	4	"Experiment"
"7"	"R14G"	"6"	12	8	"Experiment"
"7"	"R14G"	"6"	36	3	"Experiment"
"7"	"R14G"	"7"	0	2	"Experiment"
"7"	"R14G"	"7"	12	4	"Experiment"
"7"	"R14G"	"7"	24	2	"Experiment"
"7"	"R14G"	"3"	0	1	"Control"
"7"	"R14G"	"3"	12	4	"Control"
"7"	"R14G"	"3"	24	15	"Control"
"7"	"R14G"	"3"	48	3	"Control"
"7"	"R14G"	"3"	60	1	"Control"
"7"	"R14G"	"3"	72	1	"Control"
"7"	"R14G"	"6"	0	1	"Control"
"7"	"R14G"	"6"	12	4	"Control"
"7"	"R14G"	"6"	24	1	"Control"
"7"	"R14G"	"6"	60	2	"Control"
"7"	"R14G"	"7"	12	4	"Control"
"7"	"R14G"	"7"	24	1	"Control"
"7"	"R14G"	"7"	36	1	"Control"
"7"	"R14G"	"7"	60	1	"Control"
"7"	"M134I"	"3"	0	2	"Experiment"
"7"	"M134I"	"3"	12	3	"Experiment"
"7"	"M134I"	"3"	24	5	"Experiment"
"7"	"M134I"	"3"	36	1	"Experiment"
"7"	"M134I"	"3"	72	1	"Experiment"
"7"	"M134I"	"6"	0	3	"Experiment"
"7"	"M134I"	"6"	12	6	"Experiment"
"7"	"M134I"	"6"	24	8	"Experiment"
"7"	"M134I"	"6"	48	1	"Experiment"
"7"	"M134I"	"7"	0	3	"Experiment"
"7"	"M134I"	"7"	12	1	"Experiment"
"7"	"M134I"	"7"	24	5	"Experiment"
"7"	"M134I"	"3"	0	1	"Control"
"7"	"M134I"	"3"	12	1	"Control"
"7"	"M134I"	"3"	24	3	"Control"
"7"	"M134I"	"3"	48	1	"Control"
"7"	"M134I"	"6"	12	4	"Control"
"7"	"M134I"	"6"	24	2	"Control"
"7"	"M134I"	"6"	36	2	"Control"
"7"	"M134I"	"6"	48	1	"Control"
"7"	"M134I"	"7"	0	3	"Control"
"7"	"M134I"	"7"	12	2	"Control"
"7"	"M134I"	"7"	24	3	"Control"
"7"	"M134I"	"7"	36	1	"Control"
"7"	"G36E"	"3"	0	9	"Experiment"
"7"	"G36E"	"3"	12	2	"Experiment"
"7"	"G36E"	"3"	24	1	"Experiment"
"7"	"G36E"	"6"	0	4	"Experiment"
"7"	"G36E"	"6"	12	8	"Experiment"
"7"	"G36E"	"6"	24	2	"Experiment"
"7"	"G36E"	"6"	60	1	"Experiment"
"7"	"G36E"	"7"	0	4	"Experiment"
"7"	"G36E"	"7"	12	3	"Experiment"
"7"	"G36E"	"7"	24	4	"Experiment"
"7"	"G36E"	"3"	0	8	"Control"
"7"	"G36E"	"3"	12	3	"Control"
"7"	"G36E"	"3"	24	6	"Control"
"7"	"G36E"	"3"	36	4	"Control"
"7"	"G36E"	"6"	0	1	"Control"
"7"	"G36E"	"6"	12	4	"Control"
"7"	"G36E"	"6"	24	7	"Control"
"7"	"G36E"	"6"	36	1	"Control"
"7"	"G36E"	"6"	60	2	"Control"
"7"	"G36E"	"7"	0	2	"Control"
"7"	"G36E"	"7"	12	4	"Control"
"7"	"G36E"	"7"	24	2	"Control"
"7"	"Q171E"	"3"	0	2	"Experiment"
"7"	"Q171E"	"3"	12	1	"Experiment"
"7"	"Q171E"	"3"	48	1	"Experiment"
"7"	"Q171E"	"7"	0	3	"Experiment"
"7"	"Q171E"	"7"	12	8	"Experiment"
"7"	"Q171E"	"7"	24	10	"Experiment"
"7"	"Q171E"	"3"	0	6	"Control"
"7"	"Q171E"	"3"	12	2	"Control"
"7"	"Q171E"	"3"	24	2	"Control"
"7"	"Q171E"	"7"	12	2	"Control"
"7"	"Q171E"	"7"	24	5	"Control"
"7"	"Q171E"	"7"	36	8	"Control"
"7"	"Q171E"	"7"	48	2	"Control"
"7"	"Q171E"	"7"	60	2	"Control"
"7"	"Q171E"	"7"	72	2	"Control"
"8"	"P246L"	"3"	24	12	"Experiment"
"8"	"P246L"	"3"	36	8	"Experiment"
"8"	"P246L"	"3"	48	2	"Experiment"
"8"	"P246L"	"6"	0	2	"Experiment"
"8"	"P246L"	"6"	12	2	"Experiment"
"8"	"P246L"	"6"	24	3	"Experiment"
"8"	"P246L"	"6"	36	6	"Experiment"
"8"	"P246L"	"7"	0	1	"Experiment"
"8"	"P246L"	"7"	12	1	"Experiment"
"8"	"P246L"	"7"	24	7	"Experiment"
"8"	"P246L"	"7"	36	2	"Experiment"
"8"	"P246L"	"3"	0	5	"Control"
"8"	"P246L"	"3"	12	3	"Control"
"8"	"P246L"	"3"	24	3	"Control"
"8"	"P246L"	"3"	36	2	"Control"
"8"	"P246L"	"6"	0	1	"Control"
"8"	"P246L"	"6"	12	6	"Control"
"8"	"P246L"	"7"	0	2	"Control"
"8"	"P246L"	"7"	12	4	"Control"
"8"	"P246L"	"7"	24	5	"Control"
"8"	"G127R"	"3"	0	6	"Experiment"
"8"	"G127R"	"3"	12	7	"Experiment"
"8"	"G127R"	"3"	24	1	"Experiment"
"8"	"G127R"	"7"	0	5	"Experiment"
"8"	"G127R"	"7"	12	5	"Experiment"
"8"	"G127R"	"7"	24	2	"Experiment"
"8"	"G127R"	"3"	0	5	"Control"
"8"	"G127R"	"3"	12	4	"Control"
"8"	"G127R"	"3"	24	4	"Control"
"8"	"G127R"	"7"	0	1	"Control"
"8"	"G127R"	"7"	12	1	"Control"
"8"	"G127R"	"7"	24	3	"Control"
"8"	"Y27C"	"3"	0	8	"Experiment"
"8"	"Y27C"	"3"	12	2	"Experiment"
"8"	"Y27C"	"3"	24	2	"Experiment"
"8"	"Y27C"	"6"	0	1	"Experiment"
"8"	"Y27C"	"6"	12	5	"Experiment"
"8"	"Y27C"	"6"	24	14	"Experiment"
"8"	"Y27C"	"7"	0	4	"Experiment"
"8"	"Y27C"	"7"	12	3	"Experiment"
"8"	"Y27C"	"3"	0	6	"Control"
"8"	"Y27C"	"3"	12	6	"Control"
"8"	"Y27C"	"6"	0	1	"Control"
"8"	"Y27C"	"6"	12	1	"Control"
"8"	"Y27C"	"6"	24	8	"Control"
"8"	"Y27C"	"6"	36	9	"Control"
"8"	"Y27C"	"6"	60	3	"Control"
"8"	"Y27C"	"6"	84	1	"Control"
"8"	"Y27C"	"7"	0	3	"Control"
"8"	"Y27C"	"7"	12	3	"Control"
"8"	"I101T"	"3"	12	1	"Experiment"
"8"	"I101T"	"3"	24	18	"Experiment"
"8"	"I101T"	"3"	48	1	"Experiment"
"8"	"I101T"	"7"	24	6	"Experiment"
"8"	"I101T"	"7"	36	6	"Experiment"
"8"	"I101T"	"7"	48	1	"Experiment"
"8"	"I101T"	"3"	0	4	"Control"
"8"	"I101T"	"3"	12	5	"Control"
"8"	"I101T"	"3"	24	5	"Control"
"8"	"I101T"	"3"	36	2	"Control"
"8"	"I101T"	"7"	0	1	"Control"
"8"	"I101T"	"7"	12	3	"Control"
"8"	"I101T"	"7"	24	7	"Control"
"8"	"I101T"	"7"	36	1	"Control"
"8"	"I101T"	"7"	60	1	"Control"
"8"	"E285X"	"3"	0	1	"Experiment"
"8"	"E285X"	"3"	12	5	"Experiment"
"8"	"E285X"	"3"	24	5	"Experiment"
"8"	"E285X"	"6"	24	1	"Experiment"
"8"	"E285X"	"6"	36	7	"Experiment"
"8"	"E285X"	"7"	0	7	"Experiment"
"8"	"E285X"	"7"	12	5	"Experiment"
"8"	"E285X"	"7"	24	1	"Experiment"
"8"	"E285X"	"7"	36	1	"Experiment"
"8"	"E285X"	"7"	84	1	"Experiment"
"8"	"E285X"	"3"	0	1	"Control"
"8"	"E285X"	"3"	12	1	"Control"
"8"	"E285X"	"3"	24	10	"Control"
"8"	"E285X"	"6"	0	1	"Control"
"8"	"E285X"	"6"	24	3	"Control"
"8"	"E285X"	"6"	36	3	"Control"
"8"	"E285X"	"7"	0	2	"Control"
"8"	"E285X"	"7"	12	2	"Control"
"8"	"E285X"	"7"	24	2	"Control"
"8"	"E285X"	"7"	48	1	"Control"
"8"	"E285X"	"7"	72	1	"Control"
"8"	"A151P"	"3"	24	11	"Experiment"
"8"	"A151P"	"3"	36	3	"Experiment"
"8"	"A151P"	"6"	12	9	"Experiment"
"8"	"A151P"	"6"	24	7	"Experiment"
"8"	"A151P"	"7"	12	5	"Experiment"
"8"	"A151P"	"7"	24	3	"Experiment"
"8"	"A151P"	"3"	0	1	"Control"
"8"	"A151P"	"3"	12	1	"Control"
"8"	"A151P"	"3"	24	4	"Control"
"8"	"A151P"	"3"	36	1	"Control"
"8"	"A151P"	"6"	0	5	"Control"
"8"	"A151P"	"6"	12	9	"Control"
"8"	"A151P"	"6"	24	3	"Control"
"8"	"A151P"	"7"	0	2	"Control"
"8"	"A151P"	"7"	12	2	"Control"
"8"	"F279I"	"3"	24	2	"Experiment"
"8"	"F279I"	"3"	36	4	"Experiment"
"8"	"F279I"	"3"	48	3	"Experiment"
"8"	"F279I"	"3"	72	1	"Experiment"
"8"	"F279I"	"7"	12	2	"Experiment"
"8"	"F279I"	"7"	24	4	"Experiment"
"8"	"F279I"	"7"	36	4	"Experiment"
"8"	"F279I"	"7"	60	2	"Experiment"
"8"	"F279I"	"3"	0	6	"Control"
"8"	"F279I"	"3"	12	8	"Control"
"8"	"F279I"	"7"	0	2	"Control"
"8"	"F279I"	"7"	12	2	"Control"
"8"	"F279I"	"7"	24	1	"Control"
"8"	"A126D"	"3"	0	7	"Experiment"
"8"	"A126D"	"3"	12	7	"Experiment"
"8"	"A126D"	"3"	24	1	"Experiment"
"8"	"A126D"	"3"	48	1	"Experiment"
"8"	"A126D"	"7"	0	1	"Experiment"
"8"	"A126D"	"7"	12	2	"Experiment"
"8"	"A126D"	"7"	24	4	"Experiment"
"8"	"A126D"	"3"	0	5	"Control"
"8"	"A126D"	"3"	12	15	"Control"
"8"	"A126D"	"3"	24	1	"Control"
"8"	"A126D"	"7"	0	2	"Control"
"8"	"A126D"	"7"	12	7	"Control"
"8"	"A126D"	"7"	24	8	"Control"
"8"	"R47K"	"3"	0	1	"Experiment"
"8"	"R47K"	"3"	12	7	"Experiment"
"8"	"R47K"	"3"	24	4	"Experiment"
"8"	"R47K"	"6"	0	2	"Experiment"
"8"	"R47K"	"6"	12	5	"Experiment"
"8"	"R47K"	"6"	24	1	"Experiment"
"8"	"R47K"	"7"	0	3	"Experiment"
"8"	"R47K"	"7"	12	6	"Experiment"
"8"	"R47K"	"7"	24	5	"Experiment"
"8"	"R47K"	"3"	0	2	"Control"
"8"	"R47K"	"3"	12	3	"Control"
"8"	"R47K"	"3"	24	5	"Control"
"8"	"R47K"	"3"	36	1	"Control"
"8"	"R47K"	"6"	0	2	"Control"
"8"	"R47K"	"6"	12	2	"Control"
"8"	"R47K"	"6"	24	5	"Control"
"8"	"R47K"	"7"	0	1	"Control"
"8"	"R47K"	"7"	12	3	"Control"
"8"	"R47K"	"7"	24	1	"Control"
"8"	"R47K"	"7"	60	2	"Control"
"8"	"N276S"	"3"	24	9	"Experiment"
"8"	"N276S"	"3"	36	3	"Experiment"
"8"	"N276S"	"3"	48	3	"Experiment"
"8"	"N276S"	"6"	24	8	"Experiment"
"8"	"N276S"	"6"	36	6	"Experiment"
"8"	"N276S"	"6"	48	2	"Experiment"
"8"	"N276S"	"6"	60	1	"Experiment"
"8"	"N276S"	"7"	12	2	"Experiment"
"8"	"N276S"	"7"	24	2	"Experiment"
"8"	"N276S"	"7"	36	2	"Experiment"
"8"	"N276S"	"6"	0	4	"Control"
"8"	"N276S"	"6"	12	2	"Control"
"8"	"N276S"	"6"	24	3	"Control"
"8"	"N276S"	"6"	72	1	"Control"
"8"	"N276S"	"7"	0	4	"Control"
"8"	"N276S"	"7"	12	5	"Control"
"8"	"N276S"	"7"	24	3	"Control"
"8"	"F241S"	"3"	0	2	"Experiment"
"8"	"F241S"	"3"	12	1	"Experiment"
"8"	"F241S"	"3"	24	6	"Experiment"
"8"	"F241S"	"6"	0	1	"Experiment"
"8"	"F241S"	"6"	12	3	"Experiment"
"8"	"F241S"	"7"	0	2	"Experiment"
"8"	"F241S"	"7"	12	4	"Experiment"
"8"	"F241S"	"7"	24	1	"Experiment"
"8"	"F241S"	"3"	0	3	"Control"
"8"	"F241S"	"3"	12	3	"Control"
"8"	"F241S"	"3"	84	1	"Control"
"8"	"F241S"	"6"	0	2	"Control"
"8"	"F241S"	"6"	12	3	"Control"
"8"	"F241S"	"6"	36	2	"Control"
"8"	"F241S"	"6"	60	1	"Control"
"8"	"F241S"	"7"	0	3	"Control"
"8"	"F241S"	"7"	12	1	"Control"
"8"	"attp2"	"3"	0	5	"Experiment"
"8"	"attp2"	"3"	12	7	"Experiment"
"8"	"attp2"	"6"	0	4	"Experiment"
"8"	"attp2"	"6"	12	7	"Experiment"
"8"	"attp2"	"6"	24	3	"Experiment"
"8"	"attp2"	"7"	0	7	"Experiment"
"8"	"attp2"	"7"	12	5	"Experiment"
"8"	"attp2"	"7"	72	1	"Experiment"
"8"	"attp2"	"3"	0	3	"Control"
"8"	"attp2"	"3"	12	3	"Control"
"8"	"attp2"	"3"	24	4	"Control"
"8"	"attp2"	"6"	0	4	"Control"
"8"	"attp2"	"6"	12	5	"Control"
"8"	"attp2"	"6"	24	4	"Control"
"8"	"attp2"	"6"	48	1	"Control"
"8"	"attp2"	"7"	0	6	"Control"
"8"	"attp2"	"7"	12	3	"Control"
"8"	"attp2"	"7"	24	1	"Control"
"8"	"attp2"	"7"	48	2	"Control"
"8"	"C124S"	"3"	0	1	"Experiment"
"8"	"C124S"	"3"	12	5	"Experiment"
"8"	"C124S"	"3"	24	2	"Experiment"
"8"	"C124S"	"3"	36	1	"Experiment"
"8"	"C124S"	"7"	0	1	"Experiment"
"8"	"C124S"	"7"	12	2	"Experiment"
"8"	"C124S"	"7"	24	1	"Experiment"
"8"	"C124S"	"3"	12	3	"Control"
"8"	"C124S"	"3"	24	6	"Control"
"8"	"C124S"	"7"	0	1	"Control"
"8"	"C124S"	"7"	12	1	"Control"
"8"	"C124S"	"7"	24	2	"Control"
"8"	"WT"	"1"	24	3	"Experiment"
"8"	"WT"	"1"	36	12	"Experiment"
"8"	"WT"	"1"	48	6	"Experiment"
"8"	"WT"	"1"	60	4	"Experiment"
"8"	"WT"	"1"	72	3	"Experiment"
"8"	"WT"	"3"	12	1	"Experiment"
"8"	"WT"	"3"	24	3	"Experiment"
"8"	"WT"	"3"	36	6	"Experiment"
"8"	"WT"	"3"	48	8	"Experiment"
"8"	"WT"	"3"	60	2	"Experiment"
"8"	"WT"	"3"	72	2	"Experiment"
"8"	"WT"	"3"	84	1	"Experiment"
"8"	"WT"	"6"	36	1	"Experiment"
"8"	"WT"	"6"	48	16	"Experiment"
"8"	"WT"	"6"	60	5	"Experiment"
"8"	"WT"	"6"	84	1	"Experiment"
"8"	"WT"	"7"	36	2	"Experiment"
"8"	"WT"	"7"	48	4	"Experiment"
"8"	"WT"	"7"	60	2	"Experiment"
"8"	"WT"	"7"	84	1	"Experiment"
"8"	"WT"	"1"	0	18	"Control"
"8"	"WT"	"1"	12	10	"Control"
"8"	"WT"	"1"	24	10	"Control"
"8"	"WT"	"1"	36	1	"Control"
"8"	"WT"	"3"	0	8	"Control"
"8"	"WT"	"3"	12	10	"Control"
"8"	"WT"	"3"	24	4	"Control"
"8"	"WT"	"6"	0	11	"Control"
"8"	"WT"	"6"	12	15	"Control"
"8"	"WT"	"6"	24	8	"Control"
"8"	"WT"	"6"	36	1	"Control"
"8"	"WT"	"6"	48	1	"Control"
"8"	"WT"	"7"	0	3	"Control"
"8"	"WT"	"7"	12	6	"Control"
"8"	"WT"	"7"	24	2	"Control"
"8"	"WT"	"7"	36	1	"Control"
"8"	"A121P"	"3"	0	1	"Experiment"
"8"	"A121P"	"3"	12	2	"Experiment"
"8"	"A121P"	"3"	24	3	"Experiment"
"8"	"A121P"	"3"	36	3	"Experiment"
"8"	"A121P"	"3"	48	1	"Experiment"
"8"	"A121P"	"7"	24	1	"Experiment"
"8"	"A121P"	"7"	36	3	"Experiment"
"8"	"A121P"	"7"	48	1	"Experiment"
"8"	"A121P"	"3"	0	5	"Control"
"8"	"A121P"	"3"	12	2	"Control"
"8"	"A121P"	"3"	24	1	"Control"
"8"	"A121P"	"7"	0	1	"Control"
"8"	"A121P"	"7"	12	6	"Control"
"8"	"A121P"	"7"	24	3	"Control"
"8"	"N356H"	"3"	24	1	"Experiment"
"8"	"N356H"	"3"	36	3	"Experiment"
"8"	"N356H"	"3"	48	3	"Experiment"
"8"	"N356H"	"3"	60	5	"Experiment"
"8"	"N356H"	"3"	72	2	"Experiment"
"8"	"N356H"	"3"	84	1	"Experiment"
"8"	"N356H"	"6"	36	6	"Experiment"
"8"	"N356H"	"6"	48	13	"Experiment"
"8"	"N356H"	"6"	60	4	"Experiment"
"8"	"N356H"	"6"	72	2	"Experiment"
"8"	"N356H"	"7"	24	2	"Experiment"
"8"	"N356H"	"7"	36	2	"Experiment"
"8"	"N356H"	"7"	48	2	"Experiment"
"8"	"N356H"	"7"	72	1	"Experiment"
"8"	"N356H"	"3"	0	3	"Control"
"8"	"N356H"	"3"	12	8	"Control"
"8"	"N356H"	"3"	24	1	"Control"
"8"	"N356H"	"3"	36	1	"Control"
"8"	"N356H"	"6"	0	1	"Control"
"8"	"N356H"	"6"	12	4	"Control"
"8"	"N356H"	"6"	24	5	"Control"
"8"	"N356H"	"6"	36	1	"Control"
"8"	"N356H"	"7"	0	2	"Control"
"8"	"N356H"	"7"	12	2	"Control"
"8"	"N356H"	"7"	36	1	"Control"
"8"	"N356D"	"3"	36	4	"Experiment"
"8"	"N356D"	"3"	48	3	"Experiment"
"8"	"N356D"	"3"	60	3	"Experiment"
"8"	"N356D"	"3"	72	6	"Experiment"
"8"	"N356D"	"3"	84	2	"Experiment"
"8"	"N356D"	"7"	24	3	"Experiment"
"8"	"N356D"	"7"	36	6	"Experiment"
"8"	"N356D"	"7"	48	4	"Experiment"
"8"	"N356D"	"7"	60	1	"Experiment"
"8"	"N356D"	"7"	72	3	"Experiment"
"8"	"N356D"	"3"	0	5	"Control"
"8"	"N356D"	"3"	12	1	"Control"
"8"	"N356D"	"3"	24	4	"Control"
"8"	"N356D"	"3"	36	1	"Control"
"8"	"N356D"	"7"	0	1	"Control"
"8"	"N356D"	"7"	12	11	"Control"
"8"	"N356D"	"7"	24	5	"Control"
"8"	"Y346F"	"3"	24	3	"Experiment"
"8"	"Y346F"	"3"	36	3	"Experiment"
"8"	"Y346F"	"3"	48	1	"Experiment"
"8"	"Y346F"	"3"	60	2	"Experiment"
"8"	"Y346F"	"7"	24	1	"Experiment"
"8"	"Y346F"	"7"	36	4	"Experiment"
"8"	"Y346F"	"7"	48	3	"Experiment"
"8"	"Y346F"	"7"	60	1	"Experiment"
"8"	"Y346F"	"3"	0	2	"Control"
"8"	"Y346F"	"3"	12	6	"Control"
"8"	"Y346F"	"3"	24	1	"Control"
"8"	"Y346F"	"3"	36	1	"Control"
"8"	"Y346F"	"3"	48	1	"Control"
"8"	"Y346F"	"3"	60	1	"Control"
"8"	"Y346F"	"7"	0	1	"Control"
"8"	"Y346F"	"7"	12	3	"Control"
"8"	"Y346F"	"7"	24	1	"Control"
"8"	"R130Q"	"3"	0	2	"Experiment"
"8"	"R130Q"	"3"	12	6	"Experiment"
"8"	"R130Q"	"3"	24	2	"Experiment"
"8"	"R130Q"	"7"	0	1	"Experiment"
"8"	"R130Q"	"7"	12	15	"Experiment"
"8"	"R130Q"	"7"	24	2	"Experiment"
"8"	"R130Q"	"3"	0	1	"Control"
"8"	"R130Q"	"3"	12	4	"Control"
"8"	"R130Q"	"3"	24	3	"Control"
"8"	"R130Q"	"3"	48	2	"Control"
"8"	"R130Q"	"3"	72	1	"Control"
"8"	"R130Q"	"7"	24	1	"Control"
"8"	"R130Q"	"7"	36	1	"Control"
"8"	"R47W"	"3"	0	16	"Experiment"
"8"	"R47W"	"3"	36	1	"Experiment"
"8"	"R47W"	"6"	0	2	"Experiment"
"8"	"R47W"	"6"	24	2	"Experiment"
"8"	"R47W"	"6"	36	2	"Experiment"
"8"	"R47W"	"7"	0	3	"Experiment"
"8"	"R47W"	"7"	12	4	"Experiment"
"8"	"R47W"	"3"	0	6	"Control"
"8"	"R47W"	"3"	12	6	"Control"
"8"	"R47W"	"3"	24	1	"Control"
"8"	"R47W"	"3"	72	1	"Control"
"8"	"R47W"	"6"	24	2	"Control"
"8"	"R47W"	"6"	36	1	"Control"
"8"	"R47W"	"7"	0	1	"Control"
"8"	"R47W"	"7"	12	1	"Control"
"8"	"R47W"	"7"	36	2	"Control"
"8"	"R47W"	"7"	48	2	"Control"
"8"	"A34D"	"3"	0	3	"Experiment"
"8"	"A34D"	"3"	12	4	"Experiment"
"8"	"A34D"	"3"	24	3	"Experiment"
"8"	"A34D"	"3"	36	2	"Experiment"
"8"	"A34D"	"3"	60	1	"Experiment"
"8"	"A34D"	"7"	0	7	"Experiment"
"8"	"A34D"	"7"	12	5	"Experiment"
"8"	"A34D"	"7"	24	1	"Experiment"
"8"	"A34D"	"3"	12	8	"Control"
"8"	"A34D"	"3"	24	2	"Control"
"8"	"A34D"	"3"	36	4	"Control"
"8"	"A34D"	"3"	60	3	"Control"
"8"	"A34D"	"3"	84	1	"Control"
"8"	"A34D"	"7"	0	2	"Control"
"8"	"A34D"	"7"	12	1	"Control"
"8"	"N117S"	"3"	36	4	"Experiment"
"8"	"N117S"	"3"	48	3	"Experiment"
"8"	"N117S"	"3"	72	2	"Experiment"
"8"	"N117S"	"3"	84	1	"Experiment"
"8"	"N117S"	"7"	48	2	"Experiment"
"8"	"N117S"	"7"	60	1	"Experiment"
"8"	"N117S"	"7"	84	1	"Experiment"
"8"	"N117S"	"3"	0	1	"Control"
"8"	"N117S"	"3"	12	4	"Control"
"8"	"N117S"	"7"	0	1	"Control"
"8"	"N117S"	"7"	12	5	"Control"
"8"	"N117S"	"7"	36	1	"Control"
"8"	"N117S"	"7"	72	1	"Control"
"9"	"attp2"	"3"	0	3	"Experiment"
"9"	"attp2"	"3"	12	5	"Experiment"
"9"	"attp2"	"3"	24	3	"Experiment"
"9"	"attp2"	"7"	0	1	"Experiment"
"9"	"attp2"	"7"	12	4	"Experiment"
"9"	"attp2"	"7"	24	2	"Experiment"
"9"	"attp2"	"7"	48	1	"Experiment"
"9"	"attp2"	"3"	0	5	"Control"
"9"	"attp2"	"3"	12	7	"Control"
"9"	"attp2"	"3"	84	1	"Control"
"9"	"attp2"	"7"	0	4	"Control"
"9"	"attp2"	"7"	12	5	"Control"
"9"	"attp2"	"7"	24	1	"Control"
"9"	"WT"	"3"	12	1	"Experiment"
"9"	"WT"	"3"	24	1	"Experiment"
"9"	"WT"	"3"	36	2	"Experiment"
"9"	"WT"	"3"	60	1	"Experiment"
"9"	"WT"	"3"	72	3	"Experiment"
"9"	"WT"	"3"	84	2	"Experiment"
"9"	"WT"	"6"	36	2	"Experiment"
"9"	"WT"	"6"	48	3	"Experiment"
"9"	"WT"	"6"	60	2	"Experiment"
"9"	"WT"	"6"	72	1	"Experiment"
"9"	"WT"	"7"	24	1	"Experiment"
"9"	"WT"	"7"	36	2	"Experiment"
"9"	"WT"	"7"	72	1	"Experiment"
"9"	"WT"	"3"	0	2	"Control"
"9"	"WT"	"3"	12	5	"Control"
"9"	"WT"	"3"	24	1	"Control"
"9"	"WT"	"3"	36	1	"Control"
"9"	"WT"	"6"	0	4	"Control"
"9"	"WT"	"6"	12	1	"Control"
"9"	"WT"	"7"	0	6	"Control"
"9"	"WT"	"7"	12	1	"Control"
"9"	"I135V"	"3"	12	2	"Experiment"
"9"	"I135V"	"3"	24	1	"Experiment"
"9"	"I135V"	"3"	36	3	"Experiment"
"9"	"I135V"	"3"	48	2	"Experiment"
"9"	"I135V"	"6"	0	1	"Experiment"
"9"	"I135V"	"6"	12	3	"Experiment"
"9"	"I135V"	"6"	24	7	"Experiment"
"9"	"I135V"	"6"	36	2	"Experiment"
"9"	"I135V"	"6"	48	1	"Experiment"
"9"	"I135V"	"7"	12	3	"Experiment"
"9"	"I135V"	"7"	24	2	"Experiment"
"9"	"I135V"	"3"	0	3	"Control"
"9"	"I135V"	"3"	12	3	"Control"
"9"	"I135V"	"3"	24	1	"Control"
"9"	"I135V"	"6"	0	2	"Control"
"9"	"I135V"	"6"	12	1	"Control"
"9"	"I135V"	"6"	24	1	"Control"
"9"	"I135V"	"6"	36	1	"Control"
"9"	"I135V"	"6"	48	1	"Control"
"9"	"I135V"	"7"	0	4	"Control"
"9"	"I135V"	"7"	12	1	"Control"
"9"	"I135V"	"7"	24	1	"Control"
"9"	"I135V"	"7"	48	1	"Control"
"9"	"P354Q"	"3"	24	1	"Experiment"
"9"	"P354Q"	"3"	36	4	"Experiment"
"9"	"P354Q"	"3"	60	3	"Experiment"
"9"	"P354Q"	"3"	72	2	"Experiment"
"9"	"P354Q"	"3"	84	1	"Experiment"
"9"	"P354Q"	"6"	24	2	"Experiment"
"9"	"P354Q"	"6"	36	2	"Experiment"
"9"	"P354Q"	"6"	48	3	"Experiment"
"9"	"P354Q"	"6"	72	1	"Experiment"
"9"	"P354Q"	"7"	36	1	"Experiment"
"9"	"P354Q"	"7"	48	4	"Experiment"
"9"	"P354Q"	"7"	60	1	"Experiment"
"9"	"P354Q"	"7"	72	2	"Experiment"
"9"	"P354Q"	"3"	0	5	"Control"
"9"	"P354Q"	"3"	12	3	"Control"
"9"	"P354Q"	"3"	36	1	"Control"
"9"	"P354Q"	"3"	60	1	"Control"
"9"	"P354Q"	"6"	0	4	"Control"
"9"	"P354Q"	"6"	12	1	"Control"
"9"	"P354Q"	"6"	24	4	"Control"
"9"	"P354Q"	"6"	36	1	"Control"
"9"	"P354Q"	"6"	48	3	"Control"
"9"	"P354Q"	"7"	0	1	"Control"
"9"	"P354Q"	"7"	12	5	"Control"
"9"	"P354Q"	"7"	24	2	"Control"
"9"	"D268E"	"3"	24	7	"Experiment"
"9"	"D268E"	"3"	36	3	"Experiment"
"9"	"D268E"	"3"	48	8	"Experiment"
"9"	"D268E"	"3"	60	2	"Experiment"
"9"	"D268E"	"3"	72	1	"Experiment"
"9"	"D268E"	"7"	24	6	"Experiment"
"9"	"D268E"	"7"	36	3	"Experiment"
"9"	"D268E"	"7"	48	2	"Experiment"
"9"	"D268E"	"7"	60	2	"Experiment"
"9"	"D268E"	"7"	84	1	"Experiment"
"9"	"D268E"	"3"	0	5	"Control"
"9"	"D268E"	"3"	12	3	"Control"
"9"	"D268E"	"3"	24	10	"Control"
"9"	"D268E"	"3"	36	4	"Control"
"9"	"D268E"	"3"	48	2	"Control"
"9"	"D268E"	"3"	60	2	"Control"
"9"	"D268E"	"3"	72	1	"Control"
"9"	"D268E"	"7"	0	7	"Control"
"9"	"D268E"	"7"	12	1	"Control"
"9"	"D268E"	"7"	24	2	"Control"
"9"	"Q396R"	"3"	0	4	"Experiment"
"9"	"Q396R"	"3"	12	4	"Experiment"
"9"	"Q396R"	"3"	24	4	"Experiment"
"9"	"Q396R"	"3"	36	3	"Experiment"
"9"	"Q396R"	"3"	60	1	"Experiment"
"9"	"Q396R"	"6"	0	6	"Experiment"
"9"	"Q396R"	"6"	12	4	"Experiment"
"9"	"Q396R"	"6"	24	3	"Experiment"
"9"	"Q396R"	"7"	0	4	"Experiment"
"9"	"Q396R"	"7"	12	1	"Experiment"
"9"	"Q396R"	"3"	0	1	"Control"
"9"	"Q396R"	"3"	12	6	"Control"
"9"	"Q396R"	"3"	24	1	"Control"
"9"	"Q396R"	"3"	36	2	"Control"
"9"	"Q396R"	"3"	84	1	"Control"
"9"	"Q396R"	"6"	0	6	"Control"
"9"	"Q396R"	"6"	12	1	"Control"
"9"	"Q396R"	"6"	24	1	"Control"
"9"	"Q396R"	"6"	48	1	"Control"
"9"	"Q396R"	"7"	0	5	"Control"
"9"	"Q396R"	"7"	24	1	"Control"
"9"	"R130L"	"3"	12	4	"Experiment"
"9"	"R130L"	"3"	24	6	"Experiment"
"9"	"R130L"	"3"	36	2	"Experiment"
"9"	"R130L"	"3"	48	1	"Experiment"
"9"	"R130L"	"3"	60	1	"Experiment"
"9"	"R130L"	"3"	72	1	"Experiment"
"9"	"R130L"	"3"	84	1	"Experiment"
"9"	"R130L"	"6"	12	3	"Experiment"
"9"	"R130L"	"6"	24	10	"Experiment"
"9"	"R130L"	"6"	36	4	"Experiment"
"9"	"R130L"	"6"	48	1	"Experiment"
"9"	"R130L"	"6"	60	2	"Experiment"
"9"	"R130L"	"6"	84	1	"Experiment"
"9"	"R130L"	"7"	24	4	"Experiment"
"9"	"R130L"	"7"	36	6	"Experiment"
"9"	"R130L"	"7"	48	3	"Experiment"
"9"	"R130L"	"7"	60	1	"Experiment"
"9"	"R130L"	"7"	84	1	"Experiment"
"9"	"R130L"	"3"	0	2	"Control"
"9"	"R130L"	"3"	12	1	"Control"
"9"	"R130L"	"3"	84	1	"Control"
"9"	"R130L"	"6"	0	4	"Control"
"9"	"R130L"	"6"	12	1	"Control"
"9"	"R130L"	"6"	24	4	"Control"
"9"	"R130L"	"6"	36	1	"Control"
"9"	"R130L"	"7"	0	1	"Control"
"9"	"R130L"	"7"	12	6	"Control"
"9"	"R130L"	"7"	24	5	"Control"
"9"	"R130L"	"7"	36	1	"Control"
"9"	"D252G"	"3"	0	1	"Experiment"
"9"	"D252G"	"3"	12	5	"Experiment"
"9"	"D252G"	"3"	24	1	"Experiment"
"9"	"D252G"	"3"	36	1	"Experiment"
"9"	"D252G"	"3"	60	1	"Experiment"
"9"	"D252G"	"6"	0	10	"Experiment"
"9"	"D252G"	"6"	12	2	"Experiment"
"9"	"D252G"	"7"	0	1	"Experiment"
"9"	"D252G"	"7"	12	3	"Experiment"
"9"	"D252G"	"7"	24	1	"Experiment"
"9"	"D252G"	"3"	0	1	"Control"
"9"	"D252G"	"3"	12	4	"Control"
"9"	"D252G"	"6"	12	5	"Control"
"9"	"D252G"	"6"	24	2	"Control"
"9"	"D252G"	"7"	12	5	"Control"
"9"	"D252G"	"7"	36	1	"Control"
"9"	"D252G"	"7"	60	1	"Control"
"9"	"A121E"	"3"	0	6	"Experiment"
"9"	"A121E"	"3"	12	9	"Experiment"
"9"	"A121E"	"6"	0	1	"Experiment"
"9"	"A121E"	"6"	12	9	"Experiment"
"9"	"A121E"	"6"	24	2	"Experiment"
"9"	"A121E"	"6"	36	1	"Experiment"
"9"	"A121E"	"6"	72	1	"Experiment"
"9"	"A121E"	"7"	0	4	"Experiment"
"9"	"A121E"	"7"	12	7	"Experiment"
"9"	"A121E"	"7"	24	1	"Experiment"
"9"	"A121E"	"7"	48	1	"Experiment"
"9"	"A121E"	"3"	0	7	"Control"
"9"	"A121E"	"3"	12	10	"Control"
"9"	"A121E"	"3"	24	2	"Control"
"9"	"A121E"	"3"	36	1	"Control"
"9"	"A121E"	"6"	12	4	"Control"
"9"	"A121E"	"6"	24	2	"Control"
"9"	"A121E"	"6"	36	4	"Control"
"9"	"A121E"	"6"	48	2	"Control"
"9"	"A121E"	"6"	72	1	"Control"
"9"	"A121E"	"7"	12	2	"Control"
"9"	"A121E"	"7"	24	3	"Control"
"9"	"A121E"	"7"	36	1	"Control"
"9"	"A121E"	"7"	72	1	"Control"
"9"	"E73K"	"3"	36	1	"Experiment"
"9"	"E73K"	"3"	48	2	"Experiment"
"9"	"E73K"	"3"	60	2	"Experiment"
"9"	"E73K"	"7"	24	4	"Experiment"
"9"	"E73K"	"7"	36	3	"Experiment"
"9"	"E73K"	"7"	48	2	"Experiment"
"9"	"E73K"	"7"	84	1	"Experiment"
"9"	"E73K"	"3"	0	2	"Control"
"9"	"E73K"	"3"	12	2	"Control"
"9"	"E73K"	"7"	0	1	"Control"
"9"	"E73K"	"7"	12	3	"Control"
"9"	"E73K"	"7"	36	1	"Control"
"10"	"M198I"	"3"	0	1	"Experiment"
"10"	"M198I"	"3"	12	6	"Experiment"
"10"	"M198I"	"3"	24	5	"Experiment"
"10"	"M198I"	"3"	36	1	"Experiment"
"10"	"M198I"	"3"	48	1	"Experiment"
"10"	"M198I"	"7"	12	3	"Experiment"
"10"	"M198I"	"7"	24	4	"Experiment"
"10"	"M198I"	"7"	36	3	"Experiment"
"10"	"M198I"	"3"	0	3	"Control"
"10"	"M198I"	"3"	12	1	"Control"
"10"	"M198I"	"3"	48	1	"Control"
"10"	"M198I"	"7"	0	2	"Control"
"10"	"M198I"	"7"	12	3	"Control"
"10"	"K6I"	"3"	0	7	"Experiment"
"10"	"K6I"	"3"	12	5	"Experiment"
"10"	"K6I"	"7"	0	4	"Experiment"
"10"	"K6I"	"7"	12	7	"Experiment"
"10"	"K6I"	"3"	0	2	"Control"
"10"	"K6I"	"3"	12	5	"Control"
"10"	"K6I"	"3"	24	3	"Control"
"10"	"K6I"	"7"	12	7	"Control"
"10"	"K6I"	"7"	24	2	"Control"
"10"	"K6I"	"7"	36	1	"Control"
"10"	"C124R"	"3"	0	6	"Experiment"
"10"	"C124R"	"3"	24	2	"Experiment"
"10"	"C124R"	"3"	36	1	"Experiment"
"10"	"C124R"	"7"	0	10	"Experiment"
"10"	"C124R"	"7"	12	3	"Experiment"
"10"	"C124R"	"3"	0	3	"Control"
"10"	"C124R"	"3"	12	1	"Control"
"10"	"C124R"	"3"	24	1	"Control"
"10"	"C124R"	"3"	36	1	"Control"
"10"	"C124R"	"7"	0	4	"Control"
"10"	"C124R"	"7"	12	1	"Control"
"10"	"C124R"	"7"	24	2	"Control"
"10"	"N340H"	"3"	24	2	"Experiment"
"10"	"N340H"	"3"	36	8	"Experiment"
"10"	"N340H"	"3"	48	2	"Experiment"
"10"	"N340H"	"3"	60	1	"Experiment"
"10"	"N340H"	"3"	72	4	"Experiment"
"10"	"N340H"	"3"	84	1	"Experiment"
"10"	"N340H"	"7"	24	5	"Experiment"
"10"	"N340H"	"7"	36	4	"Experiment"
"10"	"N340H"	"7"	48	1	"Experiment"
"10"	"N340H"	"7"	60	2	"Experiment"
"10"	"N340H"	"3"	0	8	"Control"
"10"	"N340H"	"3"	12	4	"Control"
"10"	"N340H"	"3"	24	1	"Control"
"10"	"N340H"	"7"	0	2	"Control"
"10"	"N340H"	"7"	12	1	"Control"
"10"	"N340H"	"7"	24	2	"Control"
"10"	"N340H"	"7"	36	1	"Control"
"10"	"N340D"	"3"	0	1	"Experiment"
"10"	"N340D"	"3"	12	3	"Experiment"
"10"	"N340D"	"3"	24	2	"Experiment"
"10"	"N340D"	"3"	36	4	"Experiment"
"10"	"N340D"	"3"	84	1	"Experiment"
"10"	"N340D"	"7"	12	1	"Experiment"
"10"	"N340D"	"7"	24	4	"Experiment"
"10"	"N340D"	"7"	48	2	"Experiment"
"10"	"N340D"	"3"	0	4	"Control"
"10"	"N340D"	"3"	12	2	"Control"
"10"	"N340D"	"3"	24	1	"Control"
"10"	"N340D"	"7"	0	1	"Control"
"10"	"N340D"	"7"	12	4	"Control"
"10"	"N340D"	"7"	24	1	"Control"
"10"	"K342N"	"3"	12	2	"Experiment"
"10"	"K342N"	"3"	24	2	"Experiment"
"10"	"K342N"	"3"	36	2	"Experiment"
"10"	"K342N"	"3"	48	2	"Experiment"
"10"	"K342N"	"3"	60	1	"Experiment"
"10"	"K342N"	"7"	12	1	"Experiment"
"10"	"K342N"	"7"	24	6	"Experiment"
"10"	"K342N"	"7"	36	1	"Experiment"
"10"	"K342N"	"7"	48	1	"Experiment"
"10"	"K342N"	"3"	0	12	"Control"
"10"	"K342N"	"3"	12	3	"Control"
"10"	"K342N"	"3"	60	1	"Control"
"10"	"K342N"	"7"	0	3	"Control"
"10"	"K342N"	"7"	12	2	"Control"
"10"	"K342N"	"7"	24	3	"Control"
"10"	"K342N"	"7"	48	1	"Control"
"10"	"V343L"	"3"	24	5	"Experiment"
"10"	"V343L"	"3"	36	3	"Experiment"
"10"	"V343L"	"3"	48	3	"Experiment"
"10"	"V343L"	"3"	60	1	"Experiment"
"10"	"V343L"	"3"	72	1	"Experiment"
"10"	"V343L"	"7"	24	1	"Experiment"
"10"	"V343L"	"7"	36	3	"Experiment"
"10"	"V343L"	"7"	48	1	"Experiment"
"10"	"V343L"	"3"	0	6	"Control"
"10"	"V343L"	"3"	12	6	"Control"
"10"	"V343L"	"3"	24	1	"Control"
"10"	"V343L"	"7"	0	2	"Control"
"10"	"V343L"	"7"	12	1	"Control"
"10"	"V343L"	"7"	24	1	"Control"
"10"	"L345V"	"3"	24	5	"Experiment"
"10"	"L345V"	"3"	36	2	"Experiment"
"10"	"L345V"	"7"	24	2	"Experiment"
"10"	"L345V"	"7"	36	3	"Experiment"
"10"	"L345V"	"7"	48	1	"Experiment"
"10"	"L345V"	"3"	0	2	"Control"
"10"	"L345V"	"3"	12	2	"Control"
"10"	"L345V"	"7"	0	3	"Control"
"10"	"L345V"	"7"	12	4	"Control"
"10"	"L345V"	"7"	24	1	"Control"
"10"	"I400V"	"3"	12	2	"Experiment"
"10"	"I400V"	"3"	24	2	"Experiment"
"10"	"I400V"	"3"	36	2	"Experiment"
"10"	"I400V"	"3"	48	1	"Experiment"
"10"	"I400V"	"3"	60	1	"Experiment"
"10"	"I400V"	"7"	12	1	"Experiment"
"10"	"I400V"	"7"	24	2	"Experiment"
"10"	"I400V"	"7"	36	2	"Experiment"
"10"	"I400V"	"3"	0	2	"Control"
"10"	"I400V"	"3"	12	2	"Control"
"10"	"I400V"	"7"	0	2	"Control"
"10"	"I400V"	"7"	12	2	"Control"
"10"	"K402N"	"3"	48	1	"Experiment"
"10"	"K402N"	"3"	60	1	"Experiment"
"10"	"K402N"	"7"	24	2	"Experiment"
"10"	"K402N"	"3"	0	1	"Control"
"10"	"K402N"	"3"	12	4	"Control"
"10"	"K402N"	"3"	24	3	"Control"
"10"	"K402N"	"3"	36	3	"Control"
"10"	"K402N"	"7"	0	3	"Control"
"10"	"K402N"	"7"	12	6	"Control"
"10"	"Y68X"	"3"	0	5	"Experiment"
"10"	"Y68X"	"3"	12	5	"Experiment"
"10"	"Y68X"	"3"	24	1	"Experiment"
"10"	"Y68X"	"7"	0	10	"Experiment"
"10"	"Y68X"	"7"	12	6	"Experiment"
"10"	"Y68X"	"3"	0	4	"Control"
"10"	"Y68X"	"3"	12	5	"Control"
"10"	"Y68X"	"3"	24	1	"Control"
"10"	"Y68X"	"7"	0	6	"Control"
"10"	"Y68X"	"7"	12	8	"Control"
"10"	"Y68X"	"7"	36	1	"Control"
"10"	"Y240X"	"3"	0	3	"Experiment"
"10"	"Y240X"	"3"	12	2	"Experiment"
"10"	"Y240X"	"3"	24	7	"Experiment"
"10"	"Y240X"	"3"	36	1	"Experiment"
"10"	"Y240X"	"7"	0	3	"Experiment"
"10"	"Y240X"	"7"	12	2	"Experiment"
"10"	"Y240X"	"7"	24	1	"Experiment"
"10"	"Y240X"	"3"	0	1	"Control"
"10"	"Y240X"	"3"	12	2	"Control"
"10"	"Y240X"	"3"	24	13	"Control"
"10"	"Y240X"	"3"	36	1	"Control"
"10"	"Y240X"	"7"	12	5	"Control"
"10"	"WT"	"3"	24	10	"Experiment"
"10"	"WT"	"3"	36	8	"Experiment"
"10"	"WT"	"3"	48	1	"Experiment"
"10"	"WT"	"7"	12	3	"Experiment"
"10"	"WT"	"7"	24	3	"Experiment"
"10"	"WT"	"7"	36	7	"Experiment"
"10"	"WT"	"7"	48	5	"Experiment"
"10"	"WT"	"7"	72	2	"Experiment"
"10"	"WT"	"3"	0	3	"Control"
"10"	"WT"	"3"	12	3	"Control"
"10"	"WT"	"3"	24	6	"Control"
"10"	"WT"	"3"	36	3	"Control"
"10"	"WT"	"3"	48	1	"Control"
"10"	"WT"	"7"	0	7	"Control"
"10"	"WT"	"7"	12	10	"Control"
"10"	"WT"	"7"	36	1	"Control"
"10"	"attp2"	"3"	0	3	"Experiment"
"10"	"attp2"	"3"	12	3	"Experiment"
"10"	"attp2"	"3"	24	2	"Experiment"
"10"	"attp2"	"3"	36	3	"Experiment"
"10"	"attp2"	"3"	48	2	"Experiment"
"10"	"attp2"	"7"	0	7	"Experiment"
"10"	"attp2"	"7"	12	4	"Experiment"
"10"	"attp2"	"7"	24	5	"Experiment"
"10"	"attp2"	"7"	36	1	"Experiment"
"10"	"attp2"	"7"	48	1	"Experiment"
"10"	"attp2"	"3"	0	2	"Control"
"10"	"attp2"	"3"	12	3	"Control"
"10"	"attp2"	"3"	24	7	"Control"
"10"	"attp2"	"3"	36	2	"Control"
"10"	"attp2"	"3"	48	3	"Control"
"10"	"attp2"	"7"	0	3	"Control"
"10"	"attp2"	"7"	12	2	"Control"
"10"	"attp2"	"7"	24	7	"Control"
"10"	"attp2"	"7"	36	1	"Control"
