Condition	Cell ID	Culture	PSD-95 Density 	Gephyrin Density	Total Dendrite Length 	Soma Size			Culture Notes										
			# puncta/µM	# puncta/µM	µM	µm²			Feb 22nd 2017	Mar 22nd 2017	Mar 30th 2017	Apr 12th 2017	Aug 8th 2017	Aug 22nd 2017	Sept 7th 2017	Sept 13th 2017	Nov 29th 2017	Mar 21st 2018	July 10th 2018
1. GFP Control	N0001	Feb 22nd 2017	0.406500995	0.293889233				Confocal Imaging	Riki	Matt	Riki	Riki	Riki	Riki	Riki	Riki	Riki	Riki	Riki
1. GFP Control	N0002	Feb 22nd 2017	0.185363537	0.290271412				60X Masking	Riki	Matt	Riki	Riki	Riki	Riki	Riki	Riki	Riki	Riki	Georgia
1. GFP Control	N0003	Feb 22nd 2017	0.28023934	0.244434805				PSD-95 Density	Riki	Matt	Riki	Riki	Riki	Riki	Riki	Riki	Riki	Riki	Georgia
1. GFP Control	N0004	Feb 22nd 2017	0.376741358	0.369891516				Gephyrin Density	Riki	Matt	Riki	Riki	Riki	Riki	Riki	Riki	Riki	Riki	Georgia
1. GFP Control	N0005	Feb 22nd 2017	0.294849388	0.237912954				20X Masking	Matt	Matt	Riki	Riki	Matt	Danya	Riki	Danya	Danya	Riki	Riki
1. GFP Control	N0006	Feb 22nd 2017	0.346980002	0.54136147				Total Dendrite Length	Matt	Matt	Riki	Matt	Matt	Danya	Riki	Danya	Danya	Riki	Riki
1. GFP Control	N0007	Feb 22nd 2017	0.378641748	0.292911541				Soma Size	Riki	Matt	Riki	Riki	Riki	Danya	Riki	Riki	Riki	Riki	Riki
1. GFP Control	N0008	Feb 22nd 2017	0.476108455	0.420860375															
1. GFP Control	N0009	Feb 22nd 2017	0.557552513	0.439283798				TBC = to be checked											
1. GFP Control	N0010	Feb 22nd 2017	0.360324468	0.483362091				. = data not present											
1. GFP Control	N0011	Feb 22nd 2017	0.686542589	0.590985269															
1. GFP Control	N0012	Feb 22nd 2017	0.309788883	0.270631568															
1. GFP Control	N0013	Feb 22nd 2017	0.527406805	0.451913187															
1. GFP Control	N0014	Feb 22nd 2017	0.571072255	0.553281842															
1. GFP Control	N0015	Feb 22nd 2017	0.544988022																
1. GFP Control	N0016	Feb 22nd 2017	0.668902234	0.612914823															
1. GFP Control	N0017	Feb 22nd 2017	0.762894905																
1. GFP Control	N0018	Feb 22nd 2017	0.23115869	0.351241127															
1. GFP Control	N0019	Feb 22nd 2017			2745.495	548.767													
1. GFP Control	N0020	Feb 22nd 2017			3399.948	441.173													
1. GFP Control	N0021	Feb 22nd 2017			4620.369	513.674													
1. GFP Control	N0022	Feb 22nd 2017			5315.476	492.078													
1. GFP Control	N0023	Feb 22nd 2017			4030.082	475.495													
1. GFP Control	N0024	Feb 22nd 2017			1733.356	434.232													
1. GFP Control	N0025	Feb 22nd 2017			2334.325	303.885													
1. GFP Control	N0026	Feb 22nd 2017			5259.344	350.933													
1. GFP Control	N0027	Feb 22nd 2017			5332.402	401.452													
1. GFP Control	N0028	Feb 22nd 2017			3503.222	405.309													
1. GFP Control	N0029	Feb 22nd 2017			4780.067	399.91													
1. GFP Control	N0030	Feb 22nd 2017			3338.676	475.881													
1. GFP Control	N0031	Feb 22nd 2017			3148.087	456.213													
1. GFP Control	N0032	Feb 22nd 2017			1990.921	480.894													
1. GFP Control	N0033	Feb 22nd 2017			1940.527	502.105													
1. GFP Control	N0034	Feb 22nd 2017			4195.816	389.883													
1. GFP Control	N0035	Feb 22nd 2017			4970.574	516.759													
1. GFP Control	N0036	Feb 22nd 2017			1317.307	360.574													
1. GFP Control	N0037	Feb 22nd 2017			1733.291	468.939													
1. GFP Control	N0038	Feb 22nd 2017				417.649													
1. GFP Control	N0039	Feb 22nd 2017				363.274													
1. GFP Control	N0040	Feb 22nd 2017				320.468													
1. GFP Control	N0041	Feb 22nd 2017				435.003													
1. GFP Control	N0042	Feb 22nd 2017				490.921													
1. GFP Control	N0043	Feb 22nd 2017				336.665													
1. GFP Control	N0044	Feb 22nd 2017				317.383													
1. GFP Control	N0045	Mar 22nd 2017	0.287155189	0.175882554															
1. GFP Control	N0046	Mar 22nd 2017	0.180624962	0.127106455															
1. GFP Control	N0047	Mar 22nd 2017	0.267253611	0.14557717															
1. GFP Control	N0048	Mar 22nd 2017	0.22609404	0.154858931															
1. GFP Control	N0049	Mar 22nd 2017	0.297575084	0.151998784															
1. GFP Control	N0050	Mar 22nd 2017	0.285010162	0.16286295															
1. GFP Control	N0051	Mar 22nd 2017	0.187631252	0.110654328															
1. GFP Control	N0052	Mar 22nd 2017	0.22850996	0.220737512															
1. GFP Control	N0053	Mar 22nd 2017			2506.91	362.117													
1. GFP Control	N0054	Mar 22nd 2017			1275.347	280.747													
1. GFP Control	N0055	Mar 22nd 2017			1490.369	232.156													
1. GFP Control	N0056	Mar 22nd 2017			1189.782	232.156													
1. GFP Control	N0057	Mar 22nd 2017			2362.067	286.146													
1. GFP Control	N0058	Mar 22nd 2017			3536.768	333.194													
1. GFP Control	N0059	Mar 22nd 2017			3073.556	308.513													
1. GFP Control	N0060	Mar 22nd 2017			2050.061	409.936													
1. GFP Control	N0061	Mar 22nd 2017			1747.737	308.513													
1. GFP Control	N0062	Mar 22nd 2017			2947.783	377.543													
1. GFP Control	N0063	Mar 22nd 2017			1296.222	317.768													
1. GFP Control	N0064	Mar 22nd 2017			1357.467	357.875													
1. GFP Control	N0065	Mar 22nd 2017			1626.826	347.463													
1. GFP Control	N0066	Mar 22nd 2017			2447.919	352.476													
1. GFP Control	N0067	Mar 22nd 2017			1764.725	378.314													
1. GFP Control	N0068	Mar 22nd 2017			2231.329	334.736													
1. GFP Control	N0069	Mar 22nd 2017			1375.392	311.212													
1. GFP Control	N0070	Mar 22nd 2017			2242.92	349.776													
1. GFP Control	N0071	Mar 22nd 2017			1338.652	317.768													
1. GFP Control	N0072	Mar 22nd 2017			1459.511	264.935													
1. GFP Control	N0073	Mar 22nd 2017			3444.8	288.459													
1. GFP Control	N0074	Mar 22nd 2017			3005.784	290.773													
1. GFP Control	N0075	Mar 22nd 2017				290.388													
1. GFP Control	N0076	Mar 22nd 2017				297.329													
1. GFP Control	N0077	Mar 22nd 2017				405.694													
1. GFP Control	N0078	Mar 30th 2017	0.4807847494	0.3074983733	3714.788	750.843													
1. GFP Control	N0079	Mar 30th 2017	0.2657902123	0.1826817684		298.486													
1. GFP Control	N0080	Mar 30th 2017	0.3790442948	0.2568050778	4252.49	349.776													
1. GFP Control	N0081	Mar 30th 2017	0.2630011759	0.2040526365	909.619	259.922													
1. GFP Control	N0082	Mar 30th 2017	0.3764224939	0.1932080057		728.09													
1. GFP Control	N0083	Mar 30th 2017	0.441030796	0.1616343231	1490.639	461.998													
1. GFP Control	N0084	Mar 30th 2017	0.382376502	0.1377837116	3566.883	331.651													
1. GFP Control	N0085	Mar 30th 2017	0.2937180217	0.1154692986	1653.006	331.266													
1. GFP Control	N0086	Mar 30th 2017	0.2860838416	0.1144335367	2781.64	330.494													
1. GFP Control	N0087	Mar 30th 2017	0.4442110712	0.2874306931	2505.902	290.773													
1. GFP Control	N0088	Mar 30th 2017	0.3336285946	0.188500156	3607.646	417.649													
1. GFP Control	N0089	Mar 30th 2017	0.2479702436	0.1479822421	2865.321	298.872													
1. GFP Control	N0090	Mar 30th 2017	0.2728713244	0.1420207478	1837.119	192.435													
1. GFP Control	N0091	Apr 12th 2017	0.52588199	0.180771934	2348.591	367.516													
1. GFP Control	N0092	Apr 12th 2017	0.12538507	0.070169626	1463.759	304.271													
1. GFP Control	N0093	Apr 12th 2017	0.317842458	0.181237827	2953.38	247.582													
1. GFP Control	N0094	Apr 12th 2017	0.286953848	0.112048646	2029.835	395.668													
1. GFP Control	N0095	Apr 12th 2017	0.580638885	0.211279594	2270.991	331.266													
1. GFP Control	N0096	Apr 12th 2017	0.370781966	0.170331211	2542.546	349.391													
1. GFP Control	N0097	Apr 12th 2017	0.280420929	0.165272239	2066.301	357.489													
1. GFP Control	N0098	Apr 12th 2017			2921.954	359.417													
1. GFP Control	N0099	Apr 12th 2017	0.378617925	0.190799584	1637.953	318.539													
1. GFP Control	N0100	Apr 12th 2017	0.626884464	0.438686591	2477.401														
1. GFP Control	N0101	Apr 12th 2017			1368.294	236.012													
1. GFP Control	N0102	Apr 12th 2017			3382.989														
1. GFP Control	N0103	Aug 8th 2017	0.4420582493		1734.022	270.463													
1. GFP Control	N0104	Aug 8th 2017	0.2132757015	0.1694356962	3389.671	387.355													
1. GFP Control	N0105	Aug 8th 2017	0.2809101003	0.2288448662	2787.944	416.492													
1. GFP Control	N0106	Aug 8th 2017	0.3240460512	0.1365477071	3584.769	916.797													
1. GFP Control	N0107	Aug 8th 2017	0.3125502474	0.1915047759	927.914	219.215													
1. GFP Control	N0108	Aug 8th 2017	0.2425048446	0.1075360849	2526.562	358.389													
1. GFP Control	N0109	Aug 8th 2017	0.3692916963	0.267340001	2448.038	306.456													
1. GFP Control	N0110	Aug 8th 2017	0.0996031698	0.106119265	1717.515	188.878													
1. GFP Control	N0111	Aug 8th 2017	0.4833363145	0.2499140524	1798.128	261.893													
1. GFP Control	N0112	Aug 8th 2017	0.3045288391	0.1685972812	2886.916	365.416													
1. GFP Control	N0113	Aug 22nd 2017	0.361581607	0.111255879	2358.025	508.78													
1. GFP Control	N0114	Aug 22nd 2017	0.69778572	0.223210994	1581.878	468.962													
1. GFP Control	N0115	Aug 22nd 2017			1707.284	405.128													
1. GFP Control	N0116	Aug 22nd 2017	0.585302526	0.182759335	2765.355	555.55													
1. GFP Control	N0117	Aug 22nd 2017	0.412854469	0.144324126	1185.39	941.717													
1. GFP Control	N0118	Aug 22nd 2017	0.68303489	0.141090219	3240.974	693.963													
1. GFP Control	N0119	Aug 22nd 2017	0.471076548	0.229062995	1856.077	475.915													
1. GFP Control	N0120	Aug 22nd 2017	0.431886727	0.13807531	1290.319	528.373													
1. GFP Control	N0121	Aug 22nd 2017	0.455279488	0.286689151	2109.352	318.54													
1. GFP Control	N0122	Aug 22nd 2017	0.526881211	0.249616885	883.779	542.909													
1. GFP Control	N0123	Sept 7th 2017	0.233800669	0.114243509	3065.006	693													
1. GFP Control	N0124	Sept 7th 2017	0.293650152	0.334060724	811.897	544													
1. GFP Control	N0125	Sept 7th 2017	0.325110981	0.237922127	1976.994	526													
1. GFP Control	N0126	Sept 7th 2017	0.239315393	0.284702795	3066.848	592													
1. GFP Control	N0127	Sept 7th 2017	0.287010689	0.330439938		649													
1. GFP Control	N0128	Sept 7th 2017	0.516535073	0.338009126	1998.147	539													
1. GFP Control	N0129	Sept 7th 2017	0.300277861	0.17020358	2090.026	619													
1. GFP Control	N0130	Sept 7th 2017	0.348518623	0.358870662		563													
1. GFP Control	N0131	Sept 7th 2017	0.333024617	0.286838721	1308.08														
1. GFP Control	N0132	Sept 7th 2017	0.406515364	0.224104624	2114.915														
1. GFP Control	N0133	Sept 13th 2017	0.258850554	0.174825767	2808.555	182.708													
1. GFP Control	N0134	Sept 13th 2017	0.215752206	0.275428348	2630.763	194.02													
1. GFP Control	N0135	Sept 13th 2017	0.257597102	0.12980479	2263.779	247.324													
1. GFP Control	N0136	Sept 13th 2017	0.424130641	0.337129484	3457.329	140.545													
1. GFP Control	N0137	Sept 13th 2017	0.408253914	0.254750443	2605.546	113.978													
1. GFP Control	N0138	Sept 13th 2017	0.170327196	0.203876492	2541.657	214.759													
1. GFP Control	N0139	Sept 13th 2017	0.14761986	0.125323111	2881.316	268.749													
1. GFP Control	N0140	Sept 13th 2017	0.251818003	0.185280726	2691.812	188.707													
1. GFP Control	N0141	Sept 13th 2017	0.167091288	0.137312643	3224.884	169.339													
1. GFP Control	N0142	Sept 13th 2017	0.328290068	0.295461062	2674.714	217.673													
1. GFP Control	N0143	Sept 13th 2017	0.267437203	0.147387614	3121.159														
1. GFP Control	N0144	Sept 13th 2017	0.186141717	0.204950462															
1. GFP Control	N0145	Sept 13th 2017	0.20081042	0.102541491															
1. GFP Control	N0146	Sept 13th 2017	0.441488299	0.246524488															
1. GFP Control	N0147	Nov 29th 2017	0.34898881	0.246926045	1818.534	416.492													
1. GFP Control	N0148	Nov 29th 2017	0.566879791	0.206997014	2322.006	347.463													
1. GFP Control	N0149	Nov 29th 2017	0.350248246	0.179952106	1859.204	268.02													
1. GFP Control	N0150	Nov 29th 2017	0.8041404	0.28606306	2668.47	408.394													
1. GFP Control	N0151	Nov 29th 2017	0.267811918	0.203769938	3806.58	460.07													
1. GFP Control	N0152	Nov 29th 2017	0.594625868	0.248207194	2665.019	463.54													
1. GFP Control	N0153	Nov 29th 2017	0.553014316	0.283840421	1143.506	291.93													
1. GFP Control	N0154	Nov 29th 2017	0.385164461	0.19162411	3343.674	438.088													
1. GFP Control	N0155	Nov 29th 2017	0.604599895	0.088427876	3900.461	423.819													
1. GFP Control	N0156	Nov 29th 2017			1655.563	323.938													
1. GFP Control	N0157	Nov 29th 2017			3847.678	263.393													
1. GFP Control	N0158	Nov 29th 2017			1107.336	237.169													
1. GFP Control	N0159	Mar 21st 2018	0.14781607	0.103401852	1834.838	338.207													
1. GFP Control	N0160	Mar 21st 2018	0.240846061	0.0989615	1154.371	431.532													
1. GFP Control	N0161	Mar 21st 2018	0.218697526	0.12380504	1380.935	288.459													
1. GFP Control	N0162	Mar 21st 2018	0.205822581	0.175848419	1263.54	217.116													
1. GFP Control	N0163	Mar 21st 2018	0.240395246	0.180296435															
1. GFP Control	N0164	Mar 21st 2018	0.245732992	0.199918367	999.992	180.094													
1. GFP Control	N0165	Mar 21st 2018	0.18263572	0.12829782	915.77	307.356													
1. GFP Control	N0166	Mar 21st 2018	0.340964744	0.157050428	938.876	332.037													
1. GFP Control	N0167	Mar 21st 2018	0.311791648	0.197987697	1295.037	335.122													
1. GFP Control	N0168	Mar 21st 2018	0.240502073	0.191531062	1088.681	359.803													
1. GFP Control	N0169	Mar 21st 2018	0.197758297	0.12807836	1868.076	339.75													
1. GFP Control	N0170	Mar 21st 2018	0.285926007	0.11675312															
2. Hum WT	N0171	Feb 22nd 2017	0.155979488																
2. Hum WT	N0172	Feb 22nd 2017	0.508203862	0.369602809															
2. Hum WT	N0173	Feb 22nd 2017	0.089376956																
2. Hum WT	N0174	Feb 22nd 2017	0.135958933	0.21679938															
2. Hum WT	N0175	Feb 22nd 2017	0.3322597	0.395646771															
2. Hum WT	N0176	Feb 22nd 2017	0.427425838	0.507813266															
2. Hum WT	N0177	Feb 22nd 2017	0.192926943																
2. Hum WT	N0178	Feb 22nd 2017	0.232493933	0.52311135															
2. Hum WT	N0179	Feb 22nd 2017	0.427119524	0.398443655															
2. Hum WT	N0180	Feb 22nd 2017	0.242515958	0.258036979															
2. Hum WT	N0181	Feb 22nd 2017	0.505125023	0.449578629															
2. Hum WT	N0182	Feb 22nd 2017		0.543956363															
2. Hum WT	N0183	Feb 22nd 2017	0.274562551	0.453490955															
2. Hum WT	N0184	Feb 22nd 2017	0.390354378	0.460688501															
2. Hum WT	N0185	Feb 22nd 2017	0.368007851	0.601663629															
2. Hum WT	N0186	Feb 22nd 2017	0.29648414	0.328025006															
2. Hum WT	N0187	Feb 22nd 2017	0.212568275	0.239315277															
2. Hum WT	N0188	Feb 22nd 2017	0.417736576	0.516860509															
2. Hum WT	N0189	Feb 22nd 2017	0.387802552	0.408955419															
2. Hum WT	N0190	Feb 22nd 2017	0.418533132	0.423082406															
2. Hum WT	N0191	Feb 22nd 2017	0.213689614	0.254783771															
2. Hum WT	N0192	Feb 22nd 2017	0.507041738	0.491360035															
2. Hum WT	N0193	Feb 22nd 2017		0.505478937															
2. Hum WT	N0194	Feb 22nd 2017	0.452013743	0.391165739															
2. Hum WT	N0195	Feb 22nd 2017		0.481105551															
2. Hum WT	N0196	Feb 22nd 2017	0.246493271	0.366839985															
2. Hum WT	N0197	Feb 22nd 2017	0.48154955	0.403600882															
2. Hum WT	N0198	Feb 22nd 2017	0.317337569	0.27574478															
2. Hum WT	N0199	Feb 22nd 2017	0.514235714	0.441542707															
2. Hum WT	N0200	Feb 22nd 2017	0.513390182	0.516967814															
2. Hum WT	N0201	Feb 22nd 2017	0.422950977	0.329930831															
2. Hum WT	N0202	Feb 22nd 2017			1972.053	319.311													
2. Hum WT	N0203	Feb 22nd 2017			1672.964	314.297													
2. Hum WT	N0204	Feb 22nd 2017			1884.905	387.569													
2. Hum WT	N0205	Feb 22nd 2017			2383.874	328.18													
2. Hum WT	N0206	Feb 22nd 2017			2093.244	389.883													
2. Hum WT	N0207	Feb 22nd 2017			2801.278	335.508													
2. Hum WT	N0208	Feb 22nd 2017			2129.432	304.271													
2. Hum WT	N0209	Feb 22nd 2017			1760.505	441.945													
2. Hum WT	N0210	Feb 22nd 2017			2070.361														
2. Hum WT	N0211	Feb 22nd 2017			3439.148	347.077													
2. Hum WT	N0212	Feb 22nd 2017			2195.056	377.157													
2. Hum WT	N0213	Feb 22nd 2017			3257.318	445.03													
2. Hum WT	N0214	Feb 22nd 2017			2404.704	345.534													
2. Hum WT	N0215	Feb 22nd 2017			3492.887														
2. Hum WT	N0216	Feb 22nd 2017				382.17													
2. Hum WT	N0217	Feb 22nd 2017			3662.45	416.878													
2. Hum WT	N0218	Feb 22nd 2017			2478.188	366.7721429													
2. Hum WT	N0219	Feb 22nd 2017			3434.422	355.947													
2. Hum WT	N0220	Feb 22nd 2017			1438.537	349.005													
2. Hum WT	N0221	Feb 22nd 2017				384.484													
2. Hum WT	N0222	Feb 22nd 2017			1486.975	290.002													
2. Hum WT	N0223	Feb 22nd 2017			2249.72	333.194													
2. Hum WT	N0224	Feb 22nd 2017				461.612													
2. Hum WT	N0225	Feb 22nd 2017				360.189													
2. Hum WT	N0226	Feb 22nd 2017				352.09													
2. Hum WT	N0227	Feb 22nd 2017				445.801													
2. Hum WT	N0228	Feb 22nd 2017				338.978													
2. Hum WT	N0229	Feb 22nd 2017				308.127													
2. Hum WT	N0230	Mar 22nd 2017	0.255851032	0.096724171															
2. Hum WT	N0231	Mar 22nd 2017	0.156721143	0.275829212															
2. Hum WT	N0232	Mar 22nd 2017	0.237713749	0.169795535															
2. Hum WT	N0233	Mar 22nd 2017	0.130865073	0.169034052															
2. Hum WT	N0234	Mar 22nd 2017	0.261950047	0.370146806															
2. Hum WT	N0235	Mar 22nd 2017	0.30442162	0.183487004															
2. Hum WT	N0236	Mar 22nd 2017	0.125808002	0.100646402															
2. Hum WT	N0237	Mar 22nd 2017	0.132951919	0.068620345															
2. Hum WT	N0238	Mar 22nd 2017	0.171706795	0.061115978															
2. Hum WT	N0239	Mar 22nd 2017			1049.779	374.072													
2. Hum WT	N0240	Mar 22nd 2017			612.19	342.449													
2. Hum WT	N0241	Mar 22nd 2017			1164.848	398.753													
2. Hum WT	N0242	Mar 22nd 2017			1852.246	279.204													
2. Hum WT	N0243	Mar 22nd 2017			826.435	365.202													
2. Hum WT	N0244	Mar 22nd 2017			1787.12	214.031													
2. Hum WT	N0245	Mar 22nd 2017			1963.389	298.1													
2. Hum WT	N0246	Mar 22nd 2017			1191.414	301.186													
2. Hum WT	N0247	Mar 22nd 2017			2172.985	222.9													
2. Hum WT	N0248	Mar 22nd 2017			2031.347	330.88													
2. Hum WT	N0249	Mar 22nd 2017			1686.956	310.441													
2. Hum WT	N0250	Mar 22nd 2017			1762.919	241.797													
2. Hum WT	N0251	Mar 22nd 2017			1498.983	438.474													
2. Hum WT	N0252	Mar 22nd 2017			2402.561	305.428													
2. Hum WT	N0253	Mar 22nd 2017			1292.432	285.374													
2. Hum WT	N0254	Mar 22nd 2017			881.279	393.739													
2. Hum WT	N0255	Mar 22nd 2017				359.803													
2. Hum WT	N0256	Mar 22nd 2017			997.129	348.234													
2. Hum WT	N0257	Mar 22nd 2017				319.311													
2. Hum WT	N0258	Mar 22nd 2017				303.499													
2. Hum WT	N0259	Mar 22nd 2017				344.763													
2. Hum WT	N0260	Mar 22nd 2017				389.112													
2. Hum WT	N0261	Mar 30th 2017	0.283883447	0.203612955	1259.443	275.348													
2. Hum WT	N0262	Mar 30th 2017	0.137732291	0.262750832	2527.346	240.64													
2. Hum WT	N0263	Mar 30th 2017	0.359802035	0.244763289	1451.361	203.233													
2. Hum WT	N0264	Mar 30th 2017	0.140101807	0.237950689	1465.815	227.143													
2. Hum WT	N0265	Mar 30th 2017	0.107800862	0.138834444	1843.718	206.318													
2. Hum WT	N0266	Mar 30th 2017	0.190342552	0.133331739	2259.326	278.047													
2. Hum WT	N0267	Mar 30th 2017	0.131045927	0.163807408	1434.206														
2. Hum WT	N0268	Mar 30th 2017	0.26563382	0.171880707	1877.082	345.149													
2. Hum WT	N0269	Mar 30th 2017	0.164448876	0.14454742	1690.429	254.523													
2. Hum WT	N0270	Mar 30th 2017	0.086463713	0.204368776	2234.102	324.324													
2. Hum WT	N0271	Mar 30th 2017	0.281792629	0.217586714		288.459													
2. Hum WT	N0272	Mar 30th 2017	0.199123626	0.163442514	2552.216	289.231													
2. Hum WT	N0273	Mar 30th 2017	0.164753161	0.122757257	1318.518	245.268													
2. Hum WT	N0274	Mar 30th 2017	0.145991763	0.16996056	1909.835	220.972													
2. Hum WT	N0275	Mar 30th 2017	0.240983524	0.229323031	882.02	250.667													
2. Hum WT	N0276	Mar 30th 2017	0.350115794	0.182351976	1342.268	225.986													
2. Hum WT	N0277	Mar 30th 2017	0.18316515	0.139487307	1195.816	264.164													
2. Hum WT	N0278	Apr 12th 2017	0.177943482	0.103094239	2710.763	404.152													
2. Hum WT	N0279	Apr 12th 2017	0.230232943	0.115116471	966.696	245.268													
2. Hum WT	N0280	Apr 12th 2017	0.491942859	0.327961906	2531.598	340.907													
2. Hum WT	N0281	Apr 12th 2017	0.230980222	0.20890123	1769.775	236.012													
2. Hum WT	N0282	Apr 12th 2017	0.262349338	0.176581285	867.632	199.376													
2. Hum WT	N0283	Apr 12th 2017	0.332953184	0.212382098	1176.042														
2. Hum WT	N0284	Apr 12th 2017	0.488341211	0.308426028	1951.657	241.026													
2. Hum WT	N0285	Apr 12th 2017	0.17117567	0.144023667	1438.636	325.481													
2. Hum WT	N0286	Apr 12th 2017	0.104966593	0.188635617	2134.948	223.286													
2. Hum WT	N0287	Apr 12th 2017	0.20796671	0.178123954	1801.427	263.007													
2. Hum WT	N0288	Apr 12th 2017	0.253119289	0.160231476	974.088														
2. Hum WT	N0289	Apr 12th 2017	0.409050076	0.210818116															
2. Hum WT	N0290	Apr 12th 2017	0.118671162	0.181497072															
2. Hum WT	N0291	Apr 12th 2017	0.469102464	0.281461479		256.066													
2. Hum WT	N0292	Apr 12th 2017	0.259120852	0.248998943		230.613													
2. Hum WT	N0293	Apr 12th 2017	0.320365975	0.24113568		365.588													
2. Hum WT	N0294	Apr 12th 2017	0.161394448	0.230224433		214.031													
2. Hum WT	N0295	Apr 12th 2017	0.12448843	0.085585796															
2. Hum WT	N0296	Apr 12th 2017	0.387911765	0.210481272		242.568													
2. Hum WT	N0297	Aug 8th 2017	0.238398148	0.213182959	2323.744	274.405													
2. Hum WT	N0298	Aug 8th 2017	0.309192652	0.217955476	1015.327	330.966													
2. Hum WT	N0299	Aug 8th 2017	0.186210245	0.086454756	2088.736	249.895													
2. Hum WT	N0300	Aug 8th 2017	0.326455547	0.229031641	2248.607														
2. Hum WT	N0301	Aug 8th 2017	0.083976426		2000.901	316.397													
2. Hum WT	N0302	Aug 8th 2017	0.296178079		2308.055														
2. Hum WT	N0303	Aug 8th 2017	0.234539238	0.213021877	2861.079	375.529													
2. Hum WT	N0304	Aug 8th 2017			2501.887														
2. Hum WT	N0305	Aug 8th 2017	0.218665372	0.136966222	2000.898	370.558													
2. Hum WT	N0306	Aug 8th 2017	0.182986579	0.11802093	1564.4	215.102													
2. Hum WT	N0307	Aug 22nd 2017	0.473579716	0.229959381	708.623	376.687													
2. Hum WT	N0308	Aug 22nd 2017		0.220537343	2534.993	912.012													
2. Hum WT	N0309	Aug 22nd 2017		0.080118999	836.998	609.904													
2. Hum WT	N0310	Aug 22nd 2017	0.430454668	0.260963142	2031.851	1101.619													
2. Hum WT	N0311	Aug 22nd 2017	0.327820031	0.06464057	1243.538	477.179													
2. Hum WT	N0312	Aug 22nd 2017	0.182729211	0.158635394	970.575	527.109													
2. Hum WT	N0313	Aug 22nd 2017	0.450593429	0.18756229	1892.083	549.861													
2. Hum WT	N0314	Aug 22nd 2017		0.203746693	716.591	1113.627													
2. Hum WT	N0315	Aug 22nd 2017	0.17607005	0.143194555	908.56	451.898													
2. Hum WT	N0316	Aug 22nd 2017	0.317506515	0.1119414	1049.221	443.681													
2. Hum WT	N0317	Sept 7th 2017	0.097219092	0.150247688		674													
2. Hum WT	N0318	Sept 7th 2017	0.167104563	0.25178593	1850.807	661													
2. Hum WT	N0319	Sept 7th 2017	0.27508971	0.333164204	568.329	538													
2. Hum WT	N0320	Sept 7th 2017	0.123847871	0.264208791	2001.311	584													
2. Hum WT	N0321	Sept 7th 2017	0.173743161	0.299224333	1250.059	489													
2. Hum WT	N0322	Sept 7th 2017	0.199030465	0.208883459	2658.456	458													
2. Hum WT	N0323	Sept 7th 2017	0.087768292	0.195483922	1585.057	526													
2. Hum WT	N0324	Sept 7th 2017	0.065492174	0.502696685	2411.385	433													
2. Hum WT	N0325	Sept 7th 2017	0.047420881	0.129446188	2286.128														
2. Hum WT	N0326	Sept 7th 2017	0.19220455	0.199526628	2281.429														
2. Hum WT	N0327	Sept 13th 2017	0.129175764	0.245749015	2508.957	377.071													
2. Hum WT	N0328	Sept 13th 2017	0.233456676	0.219449276	3415.635	225.557													
2. Hum WT	N0329	Sept 13th 2017	0.23075789	0.262807597	1811.416	214.416													
2. Hum WT	N0330	Sept 13th 2017	0.119499954	0.17071422	3463.982	278.004													
2. Hum WT	N0331	Sept 13th 2017	0.107277747	0.223187037	4397.394	131.461													
2. Hum WT	N0332	Sept 13th 2017	0.137591742	0.224845041	2021.432	253.152													
2. Hum WT	N0333	Sept 13th 2017	0.274558962	0.240801712	935.996	162.141													
2. Hum WT	N0334	Sept 13th 2017	0.12256601	0.281299039	1715.697	147.229													
2. Hum WT	N0335	Sept 13th 2017	0.108752437	0.189046292	1887.207	131.118													
2. Hum WT	N0336	Sept 13th 2017	0.185685666	0.146517596	2997.553	257.608													
2. Hum WT	N0337	Sept 13th 2017	0.162402374	0.196851362	2735.669														
2. Hum WT	N0338	Sept 13th 2017		0.171563499	2721.2														
2. Hum WT	N0339	Sept 13th 2017			2762.166														
2. Hum WT	N0340	Nov 29th 2017	0.453552792	0.167814533	1777.589	211.717													
2. Hum WT	N0341	Nov 29th 2017	0.573872258	0.278659125	1384.596	217.502													
2. Hum WT	N0342	Nov 29th 2017	0.196539501	0.088910727	1219.706	235.241													
2. Hum WT	N0343	Nov 29th 2017	0.494692012	0.247346006	3228.162	324.324													
2. Hum WT	N0344	Nov 29th 2017	0.425262873	0.116665036	1308.715	217.116													
2. Hum WT	N0345	Nov 29th 2017	0.544337711	0.247495249	1367.207	159.655													
2. Hum WT	N0346	Nov 29th 2017	0.398827486	0.172890733	1345.923	241.411													
2. Hum WT	N0347	Nov 29th 2017	0.457904974	0.268963601	1767.944	272.648													
2. Hum WT	N0348	Nov 29th 2017	0.42652057	0.264538601	904.428	313.526													
2. Hum WT	N0349	Nov 29th 2017	0.42551338	0.145746709	1670.635	318.925													
2. Hum WT	N0350	Nov 29th 2017	0.359798168	0.187095047	2812.654	259.151													
2. Hum WT	N0351	Nov 29th 2017			2305.898	238.712													
2. Hum WT	N0352	Nov 29th 2017			729.084	219.815													
2. Hum WT	N0353	Nov 29th 2017			1227.853	274.191													
2. Hum WT	N0354	Nov 29th 2017			1393.006	233.698													
2. Hum WT	N0355	Nov 29th 2017			1891.276														
2. Hum WT	N0356	Nov 29th 2017			1784.241														
2. Hum WT	N0357	Mar 21st 2018			575.801	146.158													
2. Hum WT	N0358	Mar 21st 2018			1105.181	303.499													
2. Hum WT	N0359	Mar 21st 2018	0.206986652	0.09984062		282.289													
2. Hum WT	N0360	Mar 21st 2018	0.198030436	0.132579699	850.207	258.765													
2. Hum WT	N0361	Mar 21st 2018	0.191110878	0.103261523	1098.949	187.807													
2. Hum WT	N0362	Mar 21st 2018	0.264233531	0.092937311	702.305	374.457													
2. Hum WT	N0363	Mar 21st 2018	0.175552808	0.336476216	422.553	263.007													
2. Hum WT	N0364	Mar 21st 2018	0.221359841	0.159102386	417.35	161.198													
2. Hum WT	N0365	Mar 21st 2018			400.422	256.451													
2. Hum WT	N0366	Mar 21st 2018	0.193577328	0.197299969	551.664	130.347													
3. C124S OE	N0367	Feb 22nd 2017	0.351412037	0.346848245															
3. C124S OE	N0368	Feb 22nd 2017	0.563952613	0.303221096															
3. C124S OE	N0369	Feb 22nd 2017	0.45866674	0.422591828															
3. C124S OE	N0370	Feb 22nd 2017	0.395896991	0.433802022															
3. C124S OE	N0371	Feb 22nd 2017	0.39367526	0.375149365															
3. C124S OE	N0372	Feb 22nd 2017	0.524555426	0.332391557															
3. C124S OE	N0373	Feb 22nd 2017			4234.938	324.324													
3. C124S OE	N0374	Feb 22nd 2017			2037.326	393.739													
3. C124S OE	N0375	Feb 22nd 2017			3344.939	543.754													
3. C124S OE	N0376	Feb 22nd 2017			2715.651	477.424													
3. C124S OE	N0377	Feb 22nd 2017			3790.67	400.681													
3. C124S OE	N0378	Feb 22nd 2017			4593.902	599.672													
3. C124S OE	N0379	Feb 22nd 2017			1950.279	351.319													
3. C124S OE	N0380	Feb 22nd 2017			2587.761	453.514													
3. C124S OE	N0381	Feb 22nd 2017			4429.985	406.08													
3. C124S OE	N0382	Feb 22nd 2017				387.955													
3. C124S OE	N0383	Mar 22nd 2017	0.228426009	0.192893075															
3. C124S OE	N0384	Mar 22nd 2017	0.284430933	0.163832218															
3. C124S OE	N0385	Mar 22nd 2017	0.250309778	0.205222923															
3. C124S OE	N0386	Mar 22nd 2017	0.226492416	0.099487323															
3. C124S OE	N0387	Mar 22nd 2017	0.185639515	0.076125556															
3. C124S OE	N0388	Mar 22nd 2017	0.257081112	0.227623901															
3. C124S OE	N0389	Mar 22nd 2017	0.19208099	0.169483227															
3. C124S OE	N0390	Mar 22nd 2017																	
3. C124S OE	N0391	Mar 22nd 2017			1829.594	287.303													
3. C124S OE	N0392	Mar 22nd 2017			725.663	382.941													
3. C124S OE	N0393	Mar 22nd 2017			2074.836	353.247													
3. C124S OE	N0394	Mar 22nd 2017			1857.624	203.618													
3. C124S OE	N0395	Mar 22nd 2017			2533.946	242.568													
3. C124S OE	N0396	Mar 22nd 2017			2435.241	238.326													
3. C124S OE	N0397	Mar 22nd 2017			1190.287	278.433													
3. C124S OE	N0398	Mar 22nd 2017			876.608	338.593													
3. C124S OE	N0399	Mar 22nd 2017			2103.082	328.18													
3. C124S OE	N0400	Mar 22nd 2017			2315.278	296.944													
3. C124S OE	N0401	Mar 22nd 2017			2178.255	381.785													
3. C124S OE	N0402	Mar 22nd 2017			975.923	429.604													
3. C124S OE	N0403	Mar 22nd 2017			1951.261	408.008													
3. C124S OE	N0404	Mar 22nd 2017				405.694													
3. C124S OE	N0405	Mar 22nd 2017				315.069													
3. C124S OE	N0406	Mar 22nd 2017				485.908													
3. C124S OE	N0407	Mar 22nd 2017				365.588													
3. C124S OE	N0408	Mar 30th 2017	0.333286076	0.345722124	3176.929	331.651													
3. C124S OE	N0409	Mar 30th 2017	0.242666909	0.096055652	2105.566														
3. C124S OE	N0410	Mar 30th 2017	0.420082832	0.236969803	1837.791	362.503													
3. C124S OE	N0411	Mar 30th 2017	0.285012418	0.122148179	4300.799	493.235													
3. C124S OE	N0412	Mar 30th 2017	0.307785638	0.245336378	1942.895	350.548													
3. C124S OE	N0413	Mar 30th 2017	0.303896796	0.171767754	2922.616	323.167													
3. C124S OE	N0414	Mar 30th 2017	0.304833601	0.360498867	1756.028	353.633													
3. C124S OE	N0415	Aug 8th 2017	0.382528358	0.139927238	1606.798	280.404													
3. C124S OE	N0416	Aug 8th 2017	0.234831426	0.243610171	4274.42	288.802													
3. C124S OE	N0417	Aug 8th 2017			1682.669	248.524													
3. C124S OE	N0418	Aug 8th 2017	0.209348168	0.085706297		368.844													
3. C124S OE	N0419	Aug 8th 2017	0.401094368	0.198916719	2896.386	450.771													
3. C124S OE	N0420	Aug 8th 2017	0.38415194	0.194636983	3920.582	692.726													
3. C124S OE	N0421	Aug 22nd 2017	0.656113173	0.283779011	2358.025	862.082													
3. C124S OE	N0422	Aug 22nd 2017	0.590971188	0.225643545	1581.878	429.145													
3. C124S OE	N0423	Aug 22nd 2017	0.465298749	0.209840612	1707.284	688.907													
3. C124S OE	N0424	Aug 22nd 2017	1.027602373	0.113502432	2765.355	657.938													
3. C124S OE	N0425	Aug 22nd 2017		0.365202823	1185.39	747.053													
3. C124S OE	N0426	Aug 22nd 2017	0.663165883	0.258203048	3240.974	621.912													
3. C124S OE	N0427	Aug 22nd 2017	0.501423367	0.157361588	1856.077	436.729													
3. C124S OE	N0428	Aug 22nd 2017		0.219005797	1290.319	1489.05													
3. C124S OE	N0429	Aug 22nd 2017	0.541459957	0.145995748	2109.352	1004.919													
3. C124S OE	N0430	Aug 22nd 2017			883.779	709.132													
3. C124S OE	N0431	Sept 7th 2017	0.207177551	0.265612245	2580.346	718													
3. C124S OE	N0432	Sept 7th 2017	0.255945467	0.17980979	2187.155	795													
3. C124S OE	N0433	Sept 7th 2017	0.440801021	0.388942078	1971.279	928													
3. C124S OE	N0434	Sept 7th 2017	0.302934482	0.272761725	3530.144	606													
3. C124S OE	N0435	Sept 7th 2017	0.316804582	0.214275099	4168.173	790													
3. C124S OE	N0436	Sept 7th 2017	0.325956291	0.233384704	1671.656	984													
3. C124S OE	N0437	Sept 7th 2017	0.20513367	0.2677394	2136.957	771													
3. C124S OE	N0438	Sept 7th 2017	0.390654449	0.202670353		568													
3. C124S OE	N0439	Sept 7th 2017	0.184429192	0.133337321		561													
3. C124S OE	N0440	Sept 7th 2017	0.387193319	0.287778818															
3. C124S OE	N0441	Sept 13th 2017	0.367699108	0.255619701	1994.137	178.08													
3. C124S OE	N0442	Sept 13th 2017	0.16769482	0.11656835	3149.881	106.608													
3. C124S OE	N0443	Sept 13th 2017	0.329326199	0.163665141	873.759	164.369													
3. C124S OE	N0444	Sept 13th 2017	0.351116991	0.349027009	2846.382	127.69													
3. C124S OE	N0445	Sept 13th 2017	0.208385174	0.232901077	1703.174	222.986													
3. C124S OE	N0446	Sept 13th 2017	0.347562477	0.31377168	2352.123	304.571													
3. C124S OE	N0447	Sept 13th 2017	0.196243768	0.160793281	1983.105	256.751													
3. C124S OE	N0448	Sept 13th 2017	0.148873327	0.194811382	1019.826	94.953													
3. C124S OE	N0449	Sept 13th 2017	0.279161341	0.085484812	2851.248	335.936													
3. C124S OE	N0450	Sept 13th 2017	0.212923838	0.203342265	3114.374	247.324													
3. C124S OE	N0451	Sept 13th 2017	0.250357906	0.349090601	3648.688														
3. C124S OE	N0452	Sept 13th 2017	0.289165967	0.19538241	3236.13														
3. C124S OE	N0453	Sept 13th 2017	0.231667407	0.150201945															
3. C124S OE	N0454	Nov 29th 2017	0.33027837	0.141738896	2357.769	286.146													
3. C124S OE	N0455	Nov 29th 2017	0.571361599	0.15565941	2794.024	278.818													
3. C124S OE	N0456	Nov 29th 2017	0.643576798	0.247324968	3209.947	400.681													
3. C124S OE	N0457	Nov 29th 2017	0.823087969	0.228635547	3359.748	324.71													
3. C124S OE	N0458	Nov 29th 2017	0.447185593	0.234921498	3207.621	351.705													
3. C124S OE	N0459	Nov 29th 2017	0.679916136	0.146193572	2359.396	294.244													
3. C124S OE	N0460	Nov 29th 2017	0.23587169	0.100592339	2173.483	384.87													
3. C124S OE	N0461	Nov 29th 2017	0.538934966	0.183073328	3125.896	414.178													
3. C124S OE	N0462	Nov 29th 2017	0.46047838	0.186780387	3200.606	305.813													
3. C124S OE	N0463	Nov 29th 2017	0.287972805	0.122888138	1826.617	432.689													
3. C124S OE	N0464	Nov 29th 2017	0.51764919	0.149094114	2719.014	305.813													
3. C124S OE	N0465	Nov 29th 2017	0.614525291	0.162608677	2051.857	216.73													
3. C124S OE	N0466	Nov 29th 2017			5163.621	353.633													
3. C124S OE	N0467	Nov 29th 2017				415.335													
3. C124S OE	N0468	Mar 21st 2018	0.292694155	0.134936967	2226.123	386.798													
3. C124S OE	N0469	Mar 21st 2018	0.332549289	0.106490503	1476.521	260.693													
3. C124S OE	N0470	Mar 21st 2018	0.226281155	0.248909271	1483.914														
3. C124S OE	N0471	Mar 21st 2018	0.241509434	0.11572327	1357.692	222.129													
3. C124S OE	N0472	Mar 21st 2018	0.227240141	0.162314387	679.488	369.058													
3. C124S OE	N0473	Mar 21st 2018	0.171844616	0.174859434	2351.787	311.212													
3. C124S OE	N0474	Mar 21st 2018	0.212647153	0.151890824	1334.735	233.313													
3. C124S OE	N0475	Mar 21st 2018	0.170262053	0.099609092	1625.574	322.01													
4. G132D OE	N0476	Feb 22nd 2017	0.391677715	0.308489528															
4. G132D OE	N0477	Feb 22nd 2017		0.445015377															
4. G132D OE	N0478	Feb 22nd 2017	0.494669682	0.254906316															
4. G132D OE	N0479	Feb 22nd 2017	0.428522303	0.310370063															
4. G132D OE	N0480	Feb 22nd 2017	0.484776273	0.32902486															
4. G132D OE	N0481	Feb 22nd 2017	0.528602662	0.547975535															
4. G132D OE	N0482	Feb 22nd 2017	0.359470146	0.281089438															
4. G132D OE	N0483	Feb 22nd 2017	0.484500581	0.346509909															
4. G132D OE	N0484	Feb 22nd 2017	0.58642789	0.458300788															
4. G132D OE	N0485	Feb 22nd 2017			2363.889	600.057													
4. G132D OE	N0486	Feb 22nd 2017			4755.433	608.927													
4. G132D OE	N0487	Feb 22nd 2017			3881.298	426.133													
4. G132D OE	N0488	Feb 22nd 2017			1018.215	412.25													
4. G132D OE	N0489	Feb 22nd 2017			4055.733	372.915													
4. G132D OE	N0490	Feb 22nd 2017			4601.11	384.098													
4. G132D OE	N0491	Feb 22nd 2017			4742.475	386.412													
4. G132D OE	N0492	Feb 22nd 2017			2266.542	731.175													
4. G132D OE	N0493	Feb 22nd 2017			2103.61	713.436													
4. G132D OE	N0494	Feb 22nd 2017			2852.741	564.193													
4. G132D OE	N0495	Feb 22nd 2017				291.545													
4. G132D OE	N0496	Feb 22nd 2017				480.123													
4. G132D OE	N0497	Feb 22nd 2017				480.509													
4. G132D OE	N0498	Feb 22nd 2017				473.567													
4. G132D OE	N0499	Mar 22nd 2017	0.184663588	0.152195264	2291.846	392.583													
4. G132D OE	N0500	Mar 22nd 2017	0.295069308	0.168611033	2520.69	394.896													
4. G132D OE	N0501	Mar 22nd 2017	0.216467106	0.15857474	1096.279	419.963													
4. G132D OE	N0502	Mar 22nd 2017	0.211094506	0.256421547	2472.579	271.877													
4. G132D OE	N0503	Mar 22nd 2017	0.346837371	0.233738228	2771.692	234.084													
4. G132D OE	N0504	Mar 22nd 2017	0.249971808	0.075179491	983.648	394.896													
4. G132D OE	N0505	Mar 22nd 2017	0.268044805	0.165932498		310.055													
4. G132D OE	N0506	Mar 22nd 2017	0.294089142	0.172108987	2181.533	261.85													
4. G132D OE	N0507	Mar 22nd 2017	0.225720656	0.13628417	2793.725	379.085													
4. G132D OE	N0508	Mar 22nd 2017	0.184316722	0.130608538	2286.066	390.654													
4. G132D OE	N0509	Mar 22nd 2017	0.320863898	0.171496222	3857.75	450.814													
4. G132D OE	N0510	Mar 22nd 2017			2289.582	573.448													
4. G132D OE	N0511	Mar 22nd 2017			1878.131	487.836													
4. G132D OE	N0512	Mar 22nd 2017			3531.185	276.505													
4. G132D OE	N0513	Mar 22nd 2017			2180.564	595.044													
4. G132D OE	N0514	Mar 22nd 2017			3830.053	338.978													
4. G132D OE	N0515	Mar 22nd 2017			2933.715	376.386													
4. G132D OE	N0516	Mar 22nd 2017			3089.808	440.402													
4. G132D OE	N0517	Mar 22nd 2017			2781.87	480.894													
4. G132D OE	N0518	Mar 22nd 2017				373.686													
4. G132D OE	N0519	Mar 30th 2017	0.334676688	0.207429822	3099.475	424.976													
4. G132D OE	N0520	Mar 30th 2017	0.261044649	0.213971024	3087.935	310.827													
4. G132D OE	N0521	Mar 30th 2017	0.349232544	0.222550151	1304.331														
4. G132D OE	N0522	Mar 30th 2017	0.34192719	0.14877748	1543.303	280.747													
4. G132D OE	N0523	Mar 30th 2017	0.282203004	0.185707783	1515.243	337.05													
4. G132D OE	N0524	Mar 30th 2017	0.265731965	0.185590579	1598.405	324.71													
4. G132D OE	N0525	Mar 30th 2017	0.354205203	0.141682081		408.779													
4. G132D OE	N0526	Mar 30th 2017	0.259609809	0.22321591	1096.467	280.361													
4. G132D OE	N0527	Mar 30th 2017	0.272135362	0.178358987	2527.027	406.851													
4. G132D OE	N0528	Mar 30th 2017	0.296125202	0.199211499	4744.165	346.306													
5. T167N OE	N0529	Feb 22nd 2017	0.55768626	0.434054608															
5. T167N OE	N0530	Feb 22nd 2017	0.535769958	0.514038259															
5. T167N OE	N0531	Feb 22nd 2017	0.390079485	0.216992268															
5. T167N OE	N0532	Feb 22nd 2017	0.474974961	0.29644989															
5. T167N OE	N0533	Feb 22nd 2017	0.377988718	0.337148557															
5. T167N OE	N0534	Feb 22nd 2017	0.498949916	0.334159118															
5. T167N OE	N0535	Feb 22nd 2017	0.501294593	0.308296175															
5. T167N OE	N0536	Feb 22nd 2017	0.534650855	0.429497917															
5. T167N OE	N0537	Feb 22nd 2017	0.463250518	0.447722567															
5. T167N OE	N0538	Feb 22nd 2017		0.312979565															
5. T167N OE	N0539	Feb 22nd 2017			3973.589	603.914													
5. T167N OE	N0540	Feb 22nd 2017			1877.879	655.975													
5. T167N OE	N0541	Feb 22nd 2017			4293.432	370.987													
5. T167N OE	N0542	Feb 22nd 2017			3617.108	418.035													
5. T167N OE	N0543	Feb 22nd 2017			2321.092	482.051													
5. T167N OE	N0544	Feb 22nd 2017				374.072													
5. T167N OE	N0545	Feb 22nd 2017			2625.682	319.696													
5. T167N OE	N0546	Feb 22nd 2017			1940.734	505.575													
5. T167N OE	N0547	Feb 22nd 2017			3244.62	515.602													
5. T167N OE	N0548	Feb 22nd 2017			1750.966	340.521													
5. T167N OE	N0549	Feb 22nd 2017				294.63													
5. T167N OE	N0550	Feb 22nd 2017				553.78													
5. T167N OE	N0551	Feb 22nd 2017				478.58													
5. T167N OE	N0552	Mar 22nd 2017	0.176417404	0.138798987															
5. T167N OE	N0553	Mar 22nd 2017	0.305220124	0.174104437															
5. T167N OE	N0554	Mar 22nd 2017	0.282429858	0.159242367															
5. T167N OE	N0555	Mar 22nd 2017	0.186404472	0.222828334															
5. T167N OE	N0556	Mar 22nd 2017	0.213520897	0.208810877															
5. T167N OE	N0557	Mar 22nd 2017	0.330467311	0.21214142															
5. T167N OE	N0558	Mar 22nd 2017	0.265428922	0.174259857															
5. T167N OE	N0559	Mar 22nd 2017	0.206992746	0.147548675															
5. T167N OE	N0560	Mar 22nd 2017	0.249678299	0.147886377															
5. T167N OE	N0561	Mar 22nd 2017			1327.944	330.494													
5. T167N OE	N0562	Mar 22nd 2017			1903.616														
5. T167N OE	N0563	Mar 22nd 2017			1643.213	303.114													
5. T167N OE	N0564	Mar 22nd 2017			2946.063	343.606													
5. T167N OE	N0565	Mar 22nd 2017			2686.663	308.898													
5. T167N OE	N0566	Mar 22nd 2017			1489.687	381.399													
5. T167N OE	N0567	Mar 22nd 2017			1403.895	371.758													
5. T167N OE	N0568	Mar 22nd 2017			4177.81	349.776													
5. T167N OE	N0569	Mar 22nd 2017			1255.488	261.079													
5. T167N OE	N0570	Mar 22nd 2017			3309.874	426.133													
5. T167N OE	N0571	Mar 22nd 2017			3632.445	429.218													
5. T167N OE	N0572	Mar 22nd 2017			3267.967	274.576													
5. T167N OE	N0573	Mar 22nd 2017			2835.038	419.577													
5. T167N OE	N0574	Mar 22nd 2017			3366.293	383.327													
5. T167N OE	N0575	Mar 22nd 2017			1853.335	372.915													
5. T167N OE	N0576	Mar 22nd 2017			3241.379	377.157													
5. T167N OE	N0577	Mar 22nd 2017			932.635	416.107													
5. T167N OE	N0578	Mar 22nd 2017			2406.859														
5. T167N OE	N0579	Mar 22nd 2017			1312.665	304.271													
5. T167N OE	N0580	Mar 22nd 2017			3723.569	363.274													
5. T167N OE	N0581	Mar 22nd 2017				282.675													
5. T167N OE	N0582	Mar 22nd 2017				423.048													
5. T167N OE	N0583	Mar 22nd 2017				403.38													
5. T167N OE	N0584	Mar 22nd 2017				382.556													
5. T167N OE	N0585	Mar 30th 2017	0.213169344	0.26484676	1084.255	288.845													
5. T167N OE	N0586	Mar 30th 2017	0.255949038	0.291497515	2684.677	280.747													
5. T167N OE	N0587	Mar 30th 2017	0.653919681	0.280251292	1362.516	402.995													
5. T167N OE	N0588	Mar 30th 2017	0.179281984	0.150723792	1480.393	373.3													
5. T167N OE	N0589	Mar 30th 2017	0.647612027	0.245734208	4817.276														
5. T167N OE	N0590	Mar 30th 2017	0.357661143	0.143886667	3174.182	377.157													
5. T167N OE	N0591	Mar 30th 2017	0.300332544	0.185179134	2939.891	418.806													
5. T167N OE	N0592	Mar 30th 2017			2584.383	377.543													
5. T167N OE	N0593	Mar 30th 2017	0.46466904	0.215182307	2719.519	465.854													
5. T167N OE	N0594	Mar 30th 2017	0.212811718	0.119989586															
5. T167N OE	N0595	Mar 30th 2017	0.255303762	0.191726171															
6. K6E OE	N0596	Mar 30th 2017	0.315615893	0.175181298	4974.367														
6. K6E OE	N0597	Mar 30th 2017	0.322333611	0.077949958															
6. K6E OE	N0598	Mar 30th 2017	0.791263785	0.350061727	1908.211	396.439													
6. K6E OE	N0599	Mar 30th 2017	0.121447022	0.152788189	3336.21	340.907													
6. K6E OE	N0600	Mar 30th 2017	0.129238386	0.121244259	2959.149	352.862													
6. K6E OE	N0601	Mar 30th 2017	0.191369925	0.12757995	1191.012														
6. K6E OE	N0602	Mar 30th 2017	0.144016776	0.06864351	3597.891														
6. K6E OE	N0603	Mar 30th 2017	0.382124378	0.201460131															
6. K6E OE	N0604	Mar 30th 2017	0.417861979	0.163733674	1738.433	282.675													
6. K6E OE	N0605	Mar 30th 2017	0.690066264	0.409404985	1827.512	358.646													
6. K6E OE	N0606	Mar 30th 2017	0.592310634	0.314831778	2582.464														
6. K6E OE	N0607	Apr 12th 2017	0.326455807	0.183273435	1039.544														
6. K6E OE	N0608	Apr 12th 2017	0.411736364	0.216505747	3748.619	404.923													
6. K6E OE	N0609	Apr 12th 2017	0.225675757	0.1925924	2869.022	354.79													
6. K6E OE	N0610	Apr 12th 2017	0.3780726	0.168257511	4046.342	359.803													
6. K6E OE	N0611	Apr 12th 2017	0.292133556	0.130348306	2882.755	303.114													
6. K6E OE	N0612	Apr 12th 2017	0.410225771	0.271380126	1572.823	314.297													
6. K6E OE	N0613	Apr 12th 2017	0.318920317	0.223877839	3125.761	345.149													
6. K6E OE	N0614	Apr 12th 2017	0.519889613	0.262501641	3180.228	291.545													
6. K6E OE	N0615	Apr 12th 2017	0.348679377	0.146943452	3729.763	335.893													
6. K6E OE	N0616	Apr 12th 2017	0.458681198	0.198720192	1714.649	342.449													
6. K6E OE	N0617	Aug 8th 2017	0.189131099	0.097696859	3266.448	510.931													
6. K6E OE	N0618	Aug 8th 2017	0.433747854	0.338368745	2008.095	200.876													
6. K6E OE	N0619	Aug 8th 2017	0.565409973	0.274540222	3063.695	298.915													
6. K6E OE	N0620	Aug 8th 2017	0.309452502	0.241627296	3554.05	357.703													
6. K6E OE	N0621	Aug 8th 2017	0.169784996	0.138616736	3089.51	269.606													
6. K6E OE	N0622	Aug 8th 2017	0.3751404		2887.044	399.01													
6. K6E OE	N0623	Aug 8th 2017	0.445253541	0.298714401	1362.987	263.95													
6. K6E OE	N0624	Aug 8th 2017	0.421482337	0.204559427	2110.528	293.601													
6. K6E OE	N0625	Aug 8th 2017	0.3250391	0.330775084	1927.014	286.06													
6. K6E OE	N0626	Aug 8th 2017	0.394876037	0.217750572	2381.989	194.02													
7. K6I OE	N0627	Mar 30th 2017	0.242541985	0.155444614	2739.479	421.891													
7. K6I OE	N0628	Mar 30th 2017	0.243611032	0.134344319	2321.947	443.873													
7. K6I OE	N0629	Mar 30th 2017	0.331726773	0.335584061	2375.497	316.226													
7. K6I OE	N0630	Mar 30th 2017	0.576100745	0.278583928	1839.057	401.452													
7. K6I OE	N0631	Mar 30th 2017	0.190965529	0.147728051		203.233													
7. K6I OE	N0632	Mar 30th 2017	0.37770527	0.098838762	4016.638														
7. K6I OE	N0633	Mar 30th 2017	0.351307415	0.087826854	4887.721														
7. K6I OE	N0634	Mar 30th 2017	0.571961191	0.19771498	2226.738														
7. K6I OE	N0635	Mar 30th 2017	0.263813745	0.21959915	2577.851	413.793													
7. K6I OE	N0636	Mar 30th 2017	0.665149749	0.220860534	1303.875	323.553													
7. K6I OE	N0637	Apr 12th 2017	0.256704591	0.16370972	4077.774	318.539													
7. K6I OE	N0638	Apr 12th 2017	0.323327945	0.191663472	2958.836	452.357													
7. K6I OE	N0639	Apr 12th 2017	0.650608529	0.44073481	1065.835	173.924													
7. K6I OE	N0640	Apr 12th 2017	0.505427807	0.217245285	1398.856	318.154													
7. K6I OE	N0641	Apr 12th 2017	0.202455827	0.1795363	3299.707	210.56													
7. K6I OE	N0642	Apr 12th 2017	0.189646511	0.189646511	1730.548	243.725													
7. K6I OE	N0643	Apr 12th 2017	0.345625355	0.263539333	3325.062	243.339													
7. K6I OE	N0644	Apr 12th 2017	0.297029703	0.254596888	2099.536	271.491													
7. K6I OE	N0645	Apr 12th 2017	0.384624488	0.177518995	4673.679	278.433													
7. K6I OE	N0646	Apr 12th 2017	0.622894846	0.433719374	2218.306	238.326													
7. K6I OE	N0647	Apr 12th 2017	0.242844441	0.164466076		310.441													
7. K6I OE	N0648	Apr 12th 2017	0.626455959	0.330542089	1383.613	229.842													
7. K6I OE	N0649	Apr 12th 2017	0.387741461	0.267726247		247.196													
7. K6I OE	N0650	Apr 12th 2017	0.408580737	0.229995779		337.436													
7. K6I OE	N0651	Apr 12th 2017	0.209241401	0.193689675		359.417													
7. K6I OE	N0652	Apr 12th 2017	0.206139916	0.145061422		214.031													
7. K6I OE	N0653	Apr 12th 2017	0.470091236	0.225559472		214.031													
7. K6I OE	N0654	Apr 12th 2017	0.453090135	0.22253542															
7. K6I OE	N0655	Apr 12th 2017	0.231658224	0.106373674		381.399													
7. K6I OE	N0656	Aug 8th 2017	0.346917823		4039.878	387.184													
7. K6I OE	N0657	Aug 8th 2017	0.107452121	0.15591092	3373.475	400.895													
7. K6I OE	N0658	Aug 8th 2017	0.255605427	0.143139039	3566.743	339.535													
7. K6I OE	N0659	Aug 8th 2017	0.237640232	0.158426822	1490.854	278.861													
7. K6I OE	N0660	Aug 8th 2017	0.265242843	0.16975542	575.37	193.677													
7. K6I OE	N0661	Aug 8th 2017	0.366163334	0.160409015	3399.458	457.285													
7. K6I OE	N0662	Aug 8th 2017	0.180685085	0.188169083	3465.578	440.145													
7. K6I OE	N0663	Aug 8th 2017	0.166700203	0.11618499	3148.434	282.289													
7. K6I OE	N0664	Aug 8th 2017	0.145991568	0.115607536	3614.858	483.337													
7. K6I OE	N0665	Aug 8th 2017	0.199885953	0.176522659	4450.214	531.499													
8. P38H OE	N0666	Mar 30th 2017	0.173753392	0.078189026	1504.434	230.228													
8. P38H OE	N0667	Mar 30th 2017	0.419350834	0.237264288	3667.061	319.311													
8. P38H OE	N0668	Mar 30th 2017	0.356042747	0.218480776	2093.35	258.379													
8. P38H OE	N0669	Mar 30th 2017	0.594327883	0.256922991	3179.244														
8. P38H OE	N0670	Mar 30th 2017	0.468075869	0.320530215	2642.462	418.42													
8. P38H OE	N0671	Mar 30th 2017	0.272137367	0.133044935	4252.171														
8. P38H OE	N0672	Mar 30th 2017	0.181781941	0.165836157	2429.272	340.907													
8. P38H OE	N0673	Mar 30th 2017	0.329573935	0.23433584	1719.868	387.569													
8. P38H OE	N0674	Mar 30th 2017	0.162706464	0.121422734	2301.713	256.837													
8. P38H OE	N0675	Mar 30th 2017	0.453005444	0.340705775		307.356													
8. P38H OE	N0676	Mar 30th 2017	0.425658958	0.263080884		349.776													
8. P38H OE	N0677	Mar 30th 2017	0.433937229	0.236440157	2177.062	353.633													
8. P38H OE	N0678	Aug 8th 2017	0.357390086	0.132008951	1092.857	166.254													
8. P38H OE	N0679	Aug 8th 2017	0.479820561	0.346664616	2379.098	407.58													
8. P38H OE	N0680	Aug 8th 2017		0.182452172	4317.525	353.761													
8. P38H OE	N0681	Aug 8th 2017	0.212844902	0.293380811	3827.914	397.296													
8. P38H OE	N0682	Aug 8th 2017	0.192506434	0.081055341	1893.806	266.864													
8. P38H OE	N0683	Aug 8th 2017	0.20539143	0.041968527	4406.779	453													
8. P38H OE	N0684	Aug 8th 2017	0.362270949	0.263135994	2396.214	392.668													
8. P38H OE	N0685	Aug 8th 2017	0.370253114	0.184232226	1405.85	254.866													
8. P38H OE	N0686	Aug 8th 2017	0.288724865	0.192959687	2510.191	355.989													
8. P38H OE	N0687	Aug 8th 2017	0.369578417	0.16950589	2478.807	374.157													
8. P38H OE	N0688	Aug 22nd 2017		0.113273802	1378.641	1332.308													
8. P38H OE	N0689	Aug 22nd 2017	0.212844902	0.101741682	822.925	487.291													
8. P38H OE	N0690	Aug 22nd 2017	0.192506434	0.202811916	1332.062	1207.167													
8. P38H OE	N0691	Aug 22nd 2017	0.20539143	0.244091728	840.57	539.117													
8. P38H OE	N0692	Aug 22nd 2017	0.362270949	0.176648682	896.621	529.637													
8. P38H OE	N0693	Aug 22nd 2017	0.370253114	0.2042146	444.696	489.187													
8. P38H OE	N0694	Aug 22nd 2017	0.288724865	0.11158483	1057.908	908.851													
8. P38H OE	N0695	Aug 22nd 2017	0.369578417	0.116548835	754.442	346.35													
8. P38H OE	N0696	Aug 22nd 2017		0.117204136	1794.485	389.327													
8. P38H OE	N0697	Aug 22nd 2017	0.095456413	0.083005577	1229.004	405.76													
8. P38H OE	N0698	Sept 7th 2017	0.660476813	0.247678805	2088.782	465													
8. P38H OE	N0699	Sept 7th 2017	0.291030509	0.169041673	3141.748	542													
8. P38H OE	N0700	Sept 7th 2017	0.364178936	0.420750421	2541.768	532													
8. P38H OE	N0701	Sept 7th 2017	0.299728745	0.365669069	3448.431	568													
8. P38H OE	N0702	Sept 7th 2017	0.183762674	0.252498331	1575.883	562													
8. P38H OE	N0703	Sept 7th 2017	0.300822042	0.31719331	1355.248	501													
8. P38H OE	N0704	Sept 7th 2017	0.359774675	0.231463428		879													
8. P38H OE	N0705	Sept 7th 2017	0.328111642	0.150509928		664													
8. P38H OE	N0706	Sept 7th 2017	0.125505794	0.120678648		488													
8. P38H OE	N0707	Sept 7th 2017	0.462769169	0.340766388		444													
8. P38H OE	N0708	Sept 7th 2017				855													
8. P38H OE	N0709	Sept 7th 2017				770													
9. H123Q OE	N0710	Mar 30th 2017	0.26145899	0.183265647	712.892	250.281													
9. H123Q OE	N0711	Mar 30th 2017	0.162499821	0.040624955															
9. H123Q OE	N0712	Mar 30th 2017	0.394045857	0.128893505		278.433													
9. H123Q OE	N0713	Mar 30th 2017	0.265144465	0.170814223	1965.63	333.194													
9. H123Q OE	N0714	Mar 30th 2017	0.128238977	0.033945612	1967.677	434.617													
9. H123Q OE	N0715	Mar 30th 2017	0.278466734	0.143953142	2769.229	301.571													
9. H123Q OE	N0716	Mar 30th 2017	0.313049677	0.187519856	997.773	178.937													
9. H123Q OE	N0717	Mar 30th 2017	0.311709624	0.155854812															
9. H123Q OE	N0718	Mar 30th 2017	0.231902437	0.252450754	620.509	258.765													
9. H123Q OE	N0719	Mar 30th 2017	0.112336192	0.192576328	2032.204	230.228													
9. H123Q OE	N0720	Mar 30th 2017	0.180143827	0.266612864	3673.9	447.729													
9. H123Q OE	N0721	Mar 30th 2017	0.109821579	0.096093882	979.557	159.655													
9. H123Q OE	N0722	Mar 30th 2017	0.231031998	0.306209077	2733.569	473.953													
9. H123Q OE	N0723	Mar 30th 2017	0.099153506	0.267483876	1089.22	174.695													
9. H123Q OE	N0724	Mar 30th 2017	0.202821586	0.250146623															
9. H123Q OE	N0725	Mar 30th 2017	0.140142994	0.128061702															
9. H123Q OE	N0726	Apr 12th 2017	0.337954878	0.164028309	2533.353	440.402													
9. H123Q OE	N0727	Apr 12th 2017	0.154071043	0.219342519	4523.087	332.808													
9. H123Q OE	N0728	Apr 12th 2017	0.213711546	0.152873952	4733.908	325.867													
9. H123Q OE	N0729	Apr 12th 2017	0.512445528	0.264106541	2602.43	393.739													
9. H123Q OE	N0730	Apr 12th 2017	0.381635815	0.221805431	2014.043	444.644													
9. H123Q OE	N0731	Apr 12th 2017	0.145856123	0.218784185	1107.466														
9. H123Q OE	N0732	Apr 12th 2017	0.255257063	0.189992473	2447.266	281.518													
9. H123Q OE	N0733	Apr 12th 2017	0.4865177	0.18642267	1879.123	262.622													
9. H123Q OE	N0734	Apr 12th 2017	0.395822161	0.266009517	2519.614	281.518													
9. H123Q OE	N0735	Apr 12th 2017	0.499944334	0.264676412	3121.886	207.089													
9. H123Q OE	N0736	Apr 12th 2017	0.293568445	0.293568445	1894.711	323.167													
9. H123Q OE	N0737	Apr 12th 2017	0.205023065	0.164690659	2092.166	328.566													
9. H123Q OE	N0738	Apr 12th 2017	0.530379099	0.286189827		352.862													
9. H123Q OE	N0739	Apr 12th 2017	0.153432923	0.199647659		222.515													
9. H123Q OE	N0740	Apr 12th 2017	0.385726523	0.226115548		266.478													
9. H123Q OE	N0741	Apr 12th 2017	0.325856145	0.328944828		216.345													
9. H123Q OE	N0742	Apr 12th 2017	0.187892867	0.20283889		304.656													
9. H123Q OE	N0743	Aug 8th 2017	0.460745737	0.11576526	3053.644	370.215													
9. H123Q OE	N0744	Aug 8th 2017	0.244597099	0.100533553	2115.264	239.44													
9. H123Q OE	N0745	Aug 8th 2017	0.228028034	0.15385024	1734.463	211.845													
9. H123Q OE	N0746	Aug 8th 2017	0.167250244	0.113298552	677.706	248.867													
9. H123Q OE	N0747	Aug 8th 2017	0.193407754	0.109218496	1209.092	258.979													
9. H123Q OE	N0748	Aug 8th 2017	0.225054662	0.141275189	1251.877	351.362													
9. H123Q OE	N0749	Aug 8th 2017	0.094810764		875.173	103.695													
9. H123Q OE	N0750	Aug 8th 2017	0.403150273	0.228044599	2041.59	191.278													
9. H123Q OE	N0751	Aug 8th 2017	0.2597781	0.218529551	2201.977	391.126													
9. H123Q OE	N0752	Aug 8th 2017	0.122913604	0.10200993	3236.063	505.79													
10. R130L OE	N0753	Mar 30th 2017	0.316165022	0.087823617	1543.974	350.162													
10. R130L OE	N0754	Mar 30th 2017	0.424056525	0.197893045		444.644													
10. R130L OE	N0755	Mar 30th 2017	0.442017565	0.217288096	1430.335	412.25													
10. R130L OE	N0756	Mar 30th 2017	0.351217925	0.205801381	1837.747	179.709													
10. R130L OE	N0757	Mar 30th 2017	0.2162063	0.096637664	3766.388	387.184													
10. R130L OE	N0758	Mar 30th 2017	0.35527612	0.185712517	3481.354	478.195													
10. R130L OE	N0759	Mar 30th 2017	0.310145906	0.260177955		432.689													
10. R130L OE	N0760	Mar 30th 2017	0.556645178	0.287365561		573.063													
10. R130L OE	N0761	Mar 30th 2017	0.270217385	0.242263863	1467.921	273.034													
10. R130L OE	N0762	Mar 30th 2017	0.280416619	0.228911526	1899.499	581.161													
10. R130L OE	N0763	Mar 30th 2017	0.320890944	0.325609929															
10. R130L OE	N0764	Mar 30th 2017	0.444596668	0.332624174															
10. R130L OE	N0765	Mar 30th 2017	0.339729075	0.21093069															
10. R130L OE	N0766	Apr 12th 2017	0.598139439	0.285252787	1694.93	631.68													
10. R130L OE	N0767	Apr 12th 2017	0.218190149	0.208189767	1621.503	370.987													
10. R130L OE	N0768	Apr 12th 2017	0.258553525	0.186158538	1714.3	302.343													
10. R130L OE	N0769	Apr 12th 2017	0.164050262	0.094355706	2208.405	428.447													
10. R130L OE	N0770	Apr 12th 2017	0.115756237	0.103204356	1647.196	365.588													
10. R130L OE	N0771	Apr 12th 2017	0.20885489	0.137844228	1993.304	280.361													
10. R130L OE	N0772	Apr 12th 2017	0.112508424	0.093939073	2152.36	257.223													
10. R130L OE	N0773	Apr 12th 2017	0.180164191	0.111146068		227.914													
10. R130L OE	N0774	Apr 12th 2017	0.260154606	0.181059982	1604.864	256.451													
10. R130L OE	N0775	Apr 12th 2017	0.319600403	0.20021371	2035.324	296.558													
10. R130L OE	N0776	Apr 12th 2017	0.446665958	0.194086994	1742.648	576.533													
10. R130L OE	N0777	Apr 12th 2017				390.654													
10. R130L OE	N0778	Aug 8th 2017	0.422504378	0.140105079	3091.839	278.518													
10. R130L OE	N0779	Aug 8th 2017	0.310844444	0.167432121	3589.813	334.051													
10. R130L OE	N0780	Aug 8th 2017	0.461261352	0.26089443	2587.618	334.908													
10. R130L OE	N0781	Aug 8th 2017	0.247080859	0.199258757	2163.952	338.678													
10. R130L OE	N0782	Aug 8th 2017	0.382828567	0.238574324	1489.543	243.554													
10. R130L OE	N0783	Aug 8th 2017	0.311576453	0.211830856	2887.96	512.303													
10. R130L OE	N0784	Aug 8th 2017	0.3824048	0.322868723	2152.303	228.299													
10. R130L OE	N0785	Aug 8th 2017	0.263971926	0.178854448	1966.661	373.643													
10. R130L OE	N0786	Aug 8th 2017		0.305406217	2142.137	248.867													
10. R130L OE	N0787	Aug 8th 2017	0.380175332	0.189219686	3343.449	502.876													
11. T131I OE	N0788	Mar 30th 2017	0.355928409	0.181791392															
11. T131I OE	N0789	Mar 30th 2017			2602	350.162													
11. T131I OE	N0790	Mar 30th 2017	0.277316072	0.177271666	2565.781	444.644													
11. T131I OE	N0791	Mar 30th 2017	0.405385937	0.224469899	2370.461	412.25													
11. T131I OE	N0792	Mar 30th 2017	0.345107869	0.215692418	1737.193	179.709													
11. T131I OE	N0793	Mar 30th 2017	0.244720049	0.144677262	3255.773	387.184													
11. T131I OE	N0794	Mar 30th 2017	0.182289441	0.145261899	1326.295	478.195													
11. T131I OE	N0795	Mar 30th 2017	0.463871158	0.191689155		432.689													
11. T131I OE	N0796	Mar 30th 2017				573.063													
11. T131I OE	N0797	Mar 30th 2017				273.034													
11. T131I OE	N0798	Mar 30th 2017				581.161													
11. T131I OE	N0799	Apr 12th 2017	0.251920897	0.141075702	3342.884	631.68													
11. T131I OE	N0800	Apr 12th 2017	0.223104725	0.113860343	3150.775	370.987													
11. T131I OE	N0801	Apr 12th 2017	0.247070243	0.17227687	2828.811	302.343													
11. T131I OE	N0802	Apr 12th 2017	0.32379915	0.224302915	1036.428	428.447													
11. T131I OE	N0803	Apr 12th 2017	0.278631222	0.180784137	4121.32	365.588													
11. T131I OE	N0804	Apr 12th 2017	0.29519747	0.15248611	3064.772	280.361													
11. T131I OE	N0805	Apr 12th 2017	0.280322076	0.154863245	1655.341	257.223													
11. T131I OE	N0806	Apr 12th 2017	0.425454659	0.273244587	2410.53	227.914													
11. T131I OE	N0807	Apr 12th 2017	0.417857483	0.168390329	1184.799	256.451													
11. T131I OE	N0808	Apr 12th 2017	0.379640581	0.37773284	4201.653	296.558													
11. T131I OE	N0809	Apr 12th 2017	0.189965359	0.134093195	2878.494	576.533													
11. T131I OE	N0810	Apr 12th 2017				390.654													
11. T131I OE	N0811	Aug 8th 2017			647.891	177.223													
11. T131I OE	N0812	Aug 8th 2017	0.281992259	0.152085713	2599.562	288.117													
11. T131I OE	N0813	Aug 8th 2017	0.282308169	0.138931186	3176.136	421.291													
11. T131I OE	N0814	Aug 8th 2017	0.299510828	0.11253297	3224.976	599.886													
11. T131I OE	N0815	Aug 8th 2017	0.276599492	0.276599492	4241.091	472.196													
11. T131I OE	N0816	Aug 8th 2017	0.415757748	0.183018042	3326.423	481.966													
11. T131I OE	N0817	Aug 8th 2017	0.165732562	0.124299421	1563.877	209.789													
11. T131I OE	N0818	Aug 8th 2017	0.374651161	0.278775864	1732.687	315.54													
11. T131I OE	N0819	Aug 8th 2017	0.290194158	0.284753018	2652.438	252.98													
11. T131I OE	N0820	Aug 8th 2017	0.460179565	0.230089783	1813.953	356.846													
12. P354Q OE	N0821	Mar 30th 2017			1901.963	418.42													
12. P354Q OE	N0822	Mar 30th 2017	0.309504987	0.173322792	581.892														
12. P354Q OE	N0823	Mar 30th 2017	0.301941484	0.251617903	693.845	410.708													
12. P354Q OE	N0824	Mar 30th 2017	0.10316923	0.074152884	1926.347	246.425													
12. P354Q OE	N0825	Mar 30th 2017			2115.249	280.361													
12. P354Q OE	N0826	Mar 30th 2017	0.148033257	0.090587515	2688.765	356.718													
12. P354Q OE	N0827	Mar 30th 2017	0.225058183	0.204598348	1432.557														
12. P354Q OE	N0828	Mar 30th 2017	0.209039224	0.163096537															
12. P354Q OE	N0829	Mar 30th 2017	0.112963716	0.286174747															
12. P354Q OE	N0830	Apr 12th 2017	0.163751379	0.145068336	3305.913	472.025													
12. P354Q OE	N0831	Apr 12th 2017	0.288823134	0.253457036	3096.617	274.576													
12. P354Q OE	N0832	Apr 12th 2017	0.13895916	0.20843874	3319.179	365.973													
12. P354Q OE	N0833	Apr 12th 2017	0.132252704	0.278069789	1100.535	324.71													
12. P354Q OE	N0834	Apr 12th 2017	0.292327643	0.323426329	1674.205	120.706													
12. P354Q OE	N0835	Apr 12th 2017	0.205605354	0.181055461	944.553	385.255													
12. P354Q OE	N0836	Apr 12th 2017	0.204215811	0.16685926	1450.493	201.305													
12. P354Q OE	N0837	Apr 12th 2017	0.227108616	0.139759148	3584.49	279.59													
12. P354Q OE	N0838	Apr 12th 2017	0.095499582	0.250686403	1355.602	290.388													
12. P354Q OE	N0839	Apr 12th 2017	0.142836252	0.163241431	1107.016	340.135													
12. P354Q OE	N0840	Apr 12th 2017	0.145694721	0.186165477	1413.016	355.175													
12. P354Q OE	N0841	Apr 12th 2017			1048.834	133.432													
12. P354Q OE	N0842	Apr 12th 2017			1360.013	219.815													
12. P354Q OE	N0843	Sept 13th 2017	0.080490995	0.137878093	2708.925	148.619													
12. P354Q OE	N0844	Sept 13th 2017	0.148443652	0.101256266	2720.127	267.13													
12. P354Q OE	N0845	Sept 13th 2017	0.213781029	0.362615922	2282.247	186.441													
12. P354Q OE	N0846	Sept 13th 2017	0.132800994	0.255386528	1264.57	113.793													
12. P354Q OE	N0847	Sept 13th 2017	0.25078237	0.217226983	1433.136	211.984													
12. P354Q OE	N0848	Sept 13th 2017	0.124209729	0.140910196	1134.187	275.405													
12. P354Q OE	N0849	Sept 13th 2017	0.233909512	0.187864332	3320.892	126.933													
12. P354Q OE	N0850	Sept 13th 2017	0.173228958	0.273283615	3181.571	108.242													
12. P354Q OE	N0851	Sept 13th 2017	0.189870324	0.211489223	1157.954	291.454													
12. P354Q OE	N0852	Sept 13th 2017	0.197938089	0.186195999	1695.238	116.611													
12. P354Q OE	N0853	Sept 13th 2017	0.168488581	0.15835393	1224.362														
12. P354Q OE	N0854	Sept 13th 2017	0.171879387	0.124135112	2952.029														
12. P354Q OE	N0855	Sept 13th 2017	0.163444094	0.21122006															
13. G44D OE	N0856	Aug 8th 2017	0.292661567	0.127341293	3253.581	353.59													
13. G44D OE	N0857	Aug 8th 2017	0.099963057	0.165156355	2032.725	353.419													
13. G44D OE	N0858	Aug 8th 2017	0.14529868	0.085968385	1365.722	332.337													
13. G44D OE	N0859	Aug 8th 2017	0.38333141	0.096763269	2035.298	264.807													
13. G44D OE	N0860	Aug 8th 2017	0.335791098	0.17212821	3145.138	490.364													
13. G44D OE	N0861	Aug 8th 2017	0.185123577	0.180651993	2902.169	347.248													
13. G44D OE	N0862	Aug 8th 2017	0.442793006	0.296628325	1413.321	216.987													
13. G44D OE	N0863	Aug 8th 2017	0.301411109	0.321926001	2297.256	261.55													
13. G44D OE	N0864	Aug 8th 2017	0.324955061	0.24142788	3582.614	572.805													
13. G44D OE	N0865	Aug 8th 2017	0.109105043	0.103422489	2740.604	332.68													
13. G44D OE	N0866	Aug 22nd 2017	0.473169578	0.057316933	850.404	332.445													
13. G44D OE	N0867	Aug 22nd 2017	0.41601598	0.185778129	2049.156	939.821													
13. G44D OE	N0868	Aug 22nd 2017	0.207917979	0.121285488	2104.393	845.017													
13. G44D OE	N0869	Aug 22nd 2017	0.183334004	0.153401921	1163.626	656.042													
13. G44D OE	N0870	Aug 22nd 2017	0.293343815	0.148319906	1440.543	759.062													
13. G44D OE	N0871	Aug 22nd 2017	0.437822491	0.128929323	678.579	559.342													
13. G44D OE	N0872	Aug 22nd 2017	0.327158222	0.074354141	352.627	654.778													
13. G44D OE	N0873	Aug 22nd 2017	0.334949187	0.104901668	741.966	576.406													
13. G44D OE	N0874	Aug 22nd 2017	0.405077476	0.075715416	2229.777	566.294													
13. G44D OE	N0875	Aug 22nd 2017	0.72724518	0.130676868	633.985	302.74													
13. G44D OE	N0876	Sept 7th 2017	0.533621997	0.282057341	2361.676	401													
13. G44D OE	N0877	Sept 7th 2017	0.26223158	0.207826688	2100.589	879													
13. G44D OE	N0878	Sept 7th 2017	0.341781625	0.223925892	2234.006	836													
13. G44D OE	N0879	Sept 7th 2017	0.218336909	0.345523457	1503.217	402													
13. G44D OE	N0880	Sept 7th 2017	0.212696158	0.264968943	1620.681	698													
13. G44D OE	N0881	Sept 7th 2017	0.567232058	0.501975273	1618.791	611													
13. G44D OE	N0882	Sept 7th 2017	0.262236379	0.343620083		685													
13. G44D OE	N0883	Sept 7th 2017	0.174168315	0.19814801		706													
13. G44D OE	N0884	Sept 7th 2017	0.33323871	0.359980088		487													
13. G44D OE	N0885	Sept 7th 2017	0.170957324	0.232278973		414													
13. G44D OE	N0886	Sept 7th 2017				558													
13. G44D OE	N0887	Sept 7th 2017				501													
13. G44D OE	N0888	Nov 29th 2017	0.548785585	0.24713523	1231.815	293.087													
13. G44D OE	N0889	Nov 29th 2017	0.488506778	0.151645469	1074.644	509.432													
13. G44D OE	N0890	Nov 29th 2017	0.336744746	0.211851548	3685.017	430.375													
13. G44D OE	N0891	Nov 29th 2017	0.335764696	0.16095387	1946.095	308.127													
13. G44D OE	N0892	Nov 29th 2017	0.38838114	0.197322676	2507.464	252.595													
13. G44D OE	N0893	Nov 29th 2017	0.430209465	0.275334058	2157.107	356.332													
13. G44D OE	N0894	Nov 29th 2017	0.571072319	0.172069825	2283.75	316.997													
13. G44D OE	N0895	Nov 29th 2017	0.51441295	0.165212918	2054.183	404.923													
13. G44D OE	N0896	Nov 29th 2017	0.714440355	0.263404777	3355.51	421.506													
13. G44D OE	N0897	Nov 29th 2017	0.709833181	0.27354547	1529.945	206.704													
13. G44D OE	N0898	Nov 29th 2017	0.36820145	0.201670504	1687.51	425.362													
13. G44D OE	N0899	Nov 29th 2017	0.206010112	0.104557896	3937.321	359.803													
13. G44D OE	N0900	Nov 29th 2017	0.286902543	0.253707208	2490.821	323.938													
13. G44D OE	N0901	Nov 29th 2017	0.535956417	0.292048108	1509.934	223.286													
13. G44D OE	N0902	Nov 29th 2017	0.201939069	0.20080458	1508.741	415.335													
13. G44D OE	N0903	Nov 29th 2017	0.491640715	0.222839984	1970.045	270.72													
13. G44D OE	N0904	Nov 29th 2017			2330.417	441.173													
14. A79T OE	N0905	Aug 8th 2017	0.255328807	0.105598951	1679.706	310.912													
14. A79T OE	N0906	Aug 8th 2017	0.281368153	0.181130748	4113.584														
14. A79T OE	N0907	Aug 8th 2017	0.44320644	0.296028452	3281.667														
14. A79T OE	N0908	Aug 8th 2017	0.368043942	0.225972268	3478.828	459.17													
14. A79T OE	N0909	Aug 8th 2017	0.202545575	0.19821305	3583.974	452.828													
14. A79T OE	N0910	Aug 8th 2017	0.331767537	0.228931843	3069.564	389.754													
14. A79T OE	N0911	Aug 8th 2017	0.287282025	0.137011427	2272.963	310.57													
14. A79T OE	N0912	Aug 8th 2017	0.35728515	0.192745936	2574.748	343.992													
14. A79T OE	N0913	Aug 8th 2017	0.373515808	0.182489152	4982.997	500.648													
14. A79T OE	N0914	Aug 8th 2017			2563.276	336.45													
14. A79T OE	N0915	Aug 22nd 2017	0.38530868	0.269786516	1382.352	908.219													
14. A79T OE	N0916	Aug 22nd 2017	0.840946181	0.199782794	1518.478	463.906													
14. A79T OE	N0917	Aug 22nd 2017	0.647206349	0.150769661	1243.787	461.378													
14. A79T OE	N0918	Aug 22nd 2017	0.508446437	0.200345456	2035.574	623.808													
14. A79T OE	N0919	Aug 22nd 2017	0.448429571	0.110256078	2474.744	500.563													
14. A79T OE	N0920	Aug 22nd 2017	0.610844915	0.202374929	2777.308	659.202													
14. A79T OE	N0921	Aug 22nd 2017	0.408919095	0.113876204	1533.608	558.71													
14. A79T OE	N0922	Aug 22nd 2017	0.509111453	0.264956928	1842.79	426.617													
14. A79T OE	N0923	Aug 22nd 2017	0.807436153	0.255072423	1181.18	358.358													
14. A79T OE	N0924	Aug 22nd 2017	0.562531525	0.19842264	2445.917	746.421													
14. A79T OE	N0925	Sept 7th 2017	0.381402876	0.246196566	3012.022	525													
14. A79T OE	N0926	Sept 7th 2017	0.336099149	0.409068043	4149.017	737													
14. A79T OE	N0927	Sept 7th 2017	0.468507511	0.297322074	3846.849	617													
14. A79T OE	N0928	Sept 7th 2017	0.446655513	0.325737722	3802.276	786													
14. A79T OE	N0929	Sept 7th 2017	0.373289012	0.236064517	2633.416	741													
14. A79T OE	N0930	Sept 7th 2017	0.211123491	0.242478464	4031.596	690													
14. A79T OE	N0931	Sept 7th 2017	0.282345365	0.283546834	1133.707	554													
14. A79T OE	N0932	Sept 7th 2017	0.249664886	0.170897373	1909.934	689													
14. A79T OE	N0933	Sept 7th 2017	0.339585221	0.209743813	743.737	769													
14. A79T OE	N0934	Sept 7th 2017	0.246627675	0.168939957		857													
15. D92N OE	N0935	Aug 8th 2017	0.253120666	0.132917245	3523.383	653.19													
15. D92N OE	N0936	Aug 8th 2017	0.227198564	0.149238272	3614.523	365.93													
15. D92N OE	N0937	Aug 8th 2017	0.163703665		4348.787	428.661													
15. D92N OE	N0938	Aug 8th 2017	0.2587134	0.131893106	2320.9	311.427													
15. D92N OE	N0939	Aug 8th 2017	0.222992394	0.154921031	2360.874	480.252													
15. D92N OE	N0940	Aug 8th 2017	0.22568269		1630.922	341.421													
15. D92N OE	N0941	Aug 8th 2017	0.154124438	0.145656062	3258.296	343.82													
15. D92N OE	N0942	Aug 8th 2017		0.156531816	2391.546	399.695													
15. D92N OE	N0943	Aug 8th 2017			1399.925	227.957													
15. D92N OE	N0944	Aug 8th 2017	0.185082883	0.125968958	3147.649	259.836													
15. D92N OE	N0945	Aug 22nd 2017	0.146686792	0.153064478	1095.016	448.737													
15. D92N OE	N0946	Aug 22nd 2017	0.248922156	0.135378717	867.198	601.055													
15. D92N OE	N0947	Aug 22nd 2017	0.319346866	0.056309955	965.871	892.419													
15. D92N OE	N0948	Aug 22nd 2017	0.277934697	0.169472376	570.71	523.316													
15. D92N OE	N0949	Aug 22nd 2017	0.177119173	0.218482333	957.423	589.679													
15. D92N OE	N0950	Aug 22nd 2017	0.28478353	0.123483373	1351.252	1037.784													
15. D92N OE	N0951	Aug 22nd 2017	0.171159458	0.176346109	1161.33	606.112													
15. D92N OE	N0952	Aug 22nd 2017	0.372284711	0.126778037	848.945	726.196													
15. D92N OE	N0953	Aug 22nd 2017	0.180758127	0.131305432	1293.718	759.062													
15. D92N OE	N0954	Aug 22nd 2017			1125.507	1300.707													
15. D92N OE	N0955	Sept 7th 2017	0.308832613	0.267258992	1880.833	325													
15. D92N OE	N0956	Sept 7th 2017	0.314362346	0.200656817	1948.431	601													
15. D92N OE	N0957	Sept 7th 2017	0.280306335	0.251703648	3977.342	552													
15. D92N OE	N0958	Sept 7th 2017	0.343356708	0.332791886	2868.702	789													
15. D92N OE	N0959	Sept 7th 2017	0.344032344	0.372503986	2927.73	743													
15. D92N OE	N0960	Sept 7th 2017	0.472166514	0.309098697	2680.046	461													
15. D92N OE	N0961	Sept 7th 2017	0.085541268	0.063642703		750													
15. D92N OE	N0962	Sept 7th 2017	0.272189767	0.41962589		787													
15. D92N OE	N0963	Sept 7th 2017	0.475264457	0.701482036		695													
15. D92N OE	N0964	Sept 7th 2017	0.35438702	0.184026165		874													
15. D92N OE	N0965	Sept 7th 2017				756													
15. D92N OE	N0966	Sept 7th 2017				690													
15. D92N OE	N0967	Sept 7th 2017				581													
15. D92N OE	N0968	Nov 29th 2017	0.363242042	0.133544868	1884.141	406.08													
15. D92N OE	N0969	Nov 29th 2017	0.234886709	0.052624891	4046.71	322.782													
15. D92N OE	N0970	Nov 29th 2017	0.5409304	0.214985159	2697.742	285.76													
15. D92N OE	N0971	Nov 29th 2017	0.520800683	0.337555998	1908.821	271.491													
15. D92N OE	N0972	Nov 29th 2017	0.441018489	0.290242937	1872.102	421.506													
15. D92N OE	N0973	Nov 29th 2017	0.390448793	0.212778634	4583.575	232.542													
15. D92N OE	N0974	Nov 29th 2017	0.655018907	0.364982628	2115.243	451.586													
15. D92N OE	N0975	Nov 29th 2017	0.491503363	0.233009002	1934.985	138.059													
15. D92N OE	N0976	Nov 29th 2017	0.3034948	0.265077737	911.555	256.837													
15. D92N OE	N0977	Nov 29th 2017	0.36816592	0.145602341	1694.203	295.401													
15. D92N OE	N0978	Nov 29th 2017	0.524267724	0.322948918	1555.847	394.511													
15. D92N OE	N0979	Nov 29th 2017	0.766915275	0.346586711	1167.772	332.423													
15. D92N OE	N0980	Nov 29th 2017	0.363770604	0.379938186	3155.915	452.357													
15. D92N OE	N0981	Nov 29th 2017	0.542279831	0.170362248	1577.816	361.731													
15. D92N OE	N0982	Nov 29th 2017	0.516302594	0.241167659		178.552													
15. D92N OE	N0983	Nov 29th 2017	0.298292823	0.146006487		243.725													
15. D92N OE	N0984	Nov 29th 2017	0.370223069	0.259339427		234.084													
15. D92N OE	N0985	Nov 29th 2017	0.656563085	0.382702547		230.228													
15. D92N OE	N0986	Nov 29th 2017	0.495751942	0.229117789		414.564													
15. D92N OE	N0987	Nov 29th 2017				396.053													
15. D92N OE	N0988	Nov 29th 2017				413.021													
15. D92N OE	N0989	Nov 29th 2017				322.01													
16. H93R OE	N0990	Aug 8th 2017	0.275282828	0.177450746	4332.153	429.69													
16. H93R OE	N0991	Aug 8th 2017	0.269411994	0.149036422	2283.116	321.367													
16. H93R OE	N0992	Aug 8th 2017		0.271322717	1958.619	260.693													
16. H93R OE	N0993	Aug 8th 2017	0.240924408	0.188415242	2179.218	286.06													
16. H93R OE	N0994	Aug 8th 2017	0.175782862	0.159041637	2003.244	475.795													
16. H93R OE	N0995	Aug 8th 2017	0.222821364	0.1352844	3908.621	378.957													
16. H93R OE	N0996	Aug 8th 2017	0.1976233	0.151014031	3678.665	394.725													
16. H93R OE	N0997	Aug 8th 2017	0.21099994	0.276581003	2000.173	281.432													
16. H93R OE	N0998	Aug 8th 2017	0.301688842	0.127242913	2005.473	322.567													
16. H93R OE	N0999	Aug 8th 2017	0.258626421	0.2486092	3885.228	441.002													
16. H93R OE	N1000	Aug 22nd 2017	0.30216837	0.240985518	738.657	745.789													
16. H93R OE	N1001	Aug 22nd 2017	0.386463015	0.143346816	1023.292	447.473													
16. H93R OE	N1002	Aug 22nd 2017	0.407260193	0.211608789	1875.306	630.761													
16. H93R OE	N1003	Aug 22nd 2017	0.491000159	0.240014044	728.344	530.269													
16. H93R OE	N1004	Aug 22nd 2017	0.389166412	0.184518558	971.637	784.343													
16. H93R OE	N1005	Aug 22nd 2017	0.183844292	0.033644707	814.118	610.536													
16. H93R OE	N1006	Aug 22nd 2017	0.437185313	0.075320316	820.389	635.817													
16. H93R OE	N1007	Aug 22nd 2017	0.603737059	0.17965455	767.144	533.429													
16. H93R OE	N1008	Aug 22nd 2017	0.397558746	0.254333434	1134.579	756.533													
16. H93R OE	N1009	Aug 22nd 2017	0.212443262	0.169735596	856.789	611.168													
16. H93R OE	N1010	Sept 7th 2017	0.151463516	0.297358521	2127.199	682													
16. H93R OE	N1011	Sept 7th 2017	0.419216631	0.312389227	2304.456	555													
16. H93R OE	N1012	Sept 7th 2017	0.13968386	0.133186936	2537.302	777													
16. H93R OE	N1013	Sept 7th 2017	0.596098535	0.819635486	2136.054	627													
16. H93R OE	N1014	Sept 7th 2017	0.291306631	0.218943837	1839.66	788													
16. H93R OE	N1015	Sept 7th 2017	0.368882695	0.168915982		883													
16. H93R OE	N1016	Sept 7th 2017	0.232130139	0.236290178		594													
16. H93R OE	N1017	Sept 7th 2017	0.300281657	0.174847547		865													
16. H93R OE	N1018	Sept 7th 2017	0.164739903	0.187131734		407													
16. H93R OE	N1019	Sept 7th 2017	0.268047976	0.225724611		784													
16. H93R OE	N1020	Nov 29th 2017	0.495240563	0.152485514	1506.846	242.568													
16. H93R OE	N1021	Nov 29th 2017	0.328856329	0.097680098	3651.035	357.875													
16. H93R OE	N1022	Nov 29th 2017	0.621729535	0.278281208	1637.379	278.433													
16. H93R OE	N1023	Nov 29th 2017	0.554269214	0.265959824	1273.816	186.65													
16. H93R OE	N1024	Nov 29th 2017	0.724624426	0.289849771	1817.085	330.88													
16. H93R OE	N1025	Nov 29th 2017	0.224759605	0.161783484	1861.004	376													
16. H93R OE	N1026	Nov 29th 2017	0.718494531	0.344923212	1884.584	260.308													
16. H93R OE	N1027	Nov 29th 2017	0.398819618	0.341624556	673.779	271.877													
16. H93R OE	N1028	Nov 29th 2017	0.765374459	0.216856097	1769.22	207.475													
16. H93R OE	N1029	Nov 29th 2017	0.229104576	0.10665213	2832.203	384.098													
16. H93R OE	N1030	Nov 29th 2017	0.542911373	0.408964735	1909.419	310.441													
16. H93R OE	N1031	Nov 29th 2017	0.341239473	0.232042841	2914.611	252.209													
16. H93R OE	N1032	Nov 29th 2017	0.565102387	0.289290947	746.736	360.189													
16. H93R OE	N1033	Nov 29th 2017	0.479924548	0.137717479	1472.424	316.611													
16. H93R OE	N1034	Nov 29th 2017	0.54363755	0.361637153	1668.857	162.355													
16. H93R OE	N1035	Nov 29th 2017	0.617986345	0.253080122	2606.588	269.177													
16. H93R OE	N1036	Nov 29th 2017				342.835													
17. I101T OE	N1037	Aug 8th 2017	0.328753025	0.300165806	2704.874	378.957													
17. I101T OE	N1038	Aug 8th 2017	0.201440789	0.136459889	2135.192	354.104													
17. I101T OE	N1039	Aug 8th 2017	0.31586988	0.130600046	2730.098	484.194													
17. I101T OE	N1040	Aug 8th 2017	0.273260657	0.29559446	2365.934	393.182													
17. I101T OE	N1041	Aug 8th 2017	0.274925693	0.242399273	3203.976	348.619													
17. I101T OE	N1042	Aug 8th 2017	0.374835738	0.222640252	3723.298	384.27													
17. I101T OE	N1043	Aug 8th 2017	0.437913628	0.260809726	5494.44	439.631													
17. I101T OE	N1044	Aug 8th 2017	0.344139156	0.225014063	1434.936	321.539													
17. I101T OE	N1045	Aug 8th 2017	0.296151588	0.100795453	3126.698														
17. I101T OE	N1046	Aug 8th 2017		0.404240664	2130.538	253.666													
17. I101T OE	N1047	Aug 22nd 2017	0.622462473	0.203292565	1232.465	694.595													
17. I101T OE	N1048	Aug 22nd 2017	0.824754058	0.256223594	997.695	929.708													
17. I101T OE	N1049	Aug 22nd 2017	0.629001181	0.216296849	1106.004	661.73													
17. I101T OE	N1050	Aug 22nd 2017	0.34690904	0.251509054	425.372	273.035													
17. I101T OE	N1051	Aug 22nd 2017	0.501708872	0.183724376	865.542	669.946													
17. I101T OE	N1052	Aug 22nd 2017	0.40226556	0.228844407	843.196	416.504													
17. I101T OE	N1053	Aug 22nd 2017	0.721145346	0.207124057	1067.323	797.615													
17. I101T OE	N1054	Aug 22nd 2017	0.363295441	0.144536896	2113.458	1083.922													
17. I101T OE	N1055	Aug 22nd 2017	0.564665002	0.316325712	1091.073	1055.481													
17. I101T OE	N1056	Aug 22nd 2017			1227.675	1310.187													
17. I101T OE	N1057	Sept 7th 2017	0.63476293	0.413975824	1991.895	625													
17. I101T OE	N1058	Sept 7th 2017	0.467352258	0.337768223	3241.974	772													
17. I101T OE	N1059	Sept 7th 2017	0.320469867	0.285509518	4707.643	557													
17. I101T OE	N1060	Sept 7th 2017	0.312151993	0.282624102	2708.075	769													
17. I101T OE	N1061	Sept 7th 2017	0.299868661	0.182601587	3098.265	808													
17. I101T OE	N1062	Sept 7th 2017	0.189872925	0.27391504	5276.887	710													
17. I101T OE	N1063	Sept 7th 2017	0.192654754	0.177072384	2218.44	727													
17. I101T OE	N1064	Sept 7th 2017	0.263909126	0.388429629		840													
17. I101T OE	N1065	Sept 7th 2017	0.352557018	0.162288151		562													
17. I101T OE	N1066	Sept 7th 2017	0.241276293	0.249122676		906													
18. Y176C OE	N1067	Aug 8th 2017	0.343451358	0.233390809	2246.861	382.727													
18. Y176C OE	N1068	Aug 8th 2017		0.311206988	1103.284	430.547													
18. Y176C OE	N1069	Aug 8th 2017	0.291375686	0.180246355	975.474	201.219													
18. Y176C OE	N1070	Aug 8th 2017	0.389774596	0.270940878	1342.422	222.986													
18. Y176C OE	N1071	Aug 8th 2017	0.453621447	0.309480052	1645.32	461.912													
18. Y176C OE	N1072	Aug 8th 2017	0.286465498	0.29639252	1250.729	245.782													
18. Y176C OE	N1073	Aug 8th 2017	0.314420421	0.113191352	2157.095	368.673													
18. Y176C OE	N1074	Aug 8th 2017	0.201473636	0.124721775	1602.352	272.862													
18. Y176C OE	N1075	Aug 8th 2017	0.193187641	0.167792083	1984.655	432.946													
18. Y176C OE	N1076	Aug 8th 2017	0.200917603	0.111095616	718.292	226.928													
18. Y176C OE	N1077	Aug 22nd 2017	0.588936324	0.148318279	854.723	1263.417													
18. Y176C OE	N1078	Aug 22nd 2017	0.358668752	0.124990626	363.938	814.68													
18. Y176C OE	N1079	Aug 22nd 2017	0.98397381	0.072199336	430.43	642.137													
18. Y176C OE	N1080	Aug 22nd 2017	0.187483796	0.149987037	759.029	566.294													
18. Y176C OE	N1081	Aug 22nd 2017	0.593237628	0.233536985	801.668	836.169													
18. Y176C OE	N1082	Aug 22nd 2017	0.95421133	0.258457754	1279.435	412.712													
18. Y176C OE	N1083	Aug 22nd 2017	0.880931663	0.305299981	1243.446	760.958													
18. Y176C OE	N1084	Aug 22nd 2017	0.674539136	0.256154102	886.797	475.915													
18. Y176C OE	N1085	Aug 22nd 2017	0.575027553	0.279180044	1161.31	724.3													
18. Y176C OE	N1086	Aug 22nd 2017	0.549507338	0.294563495	607.474	563.766													
18. Y176C OE	N1087	Sept 7th 2017	0.259374006	0.269405045	4004.198	656													
18. Y176C OE	N1088	Sept 7th 2017	0.201422526	0.254598073	3051.936	800													
18. Y176C OE	N1089	Sept 7th 2017	0.211244091	0.255915781	570.895	530													
18. Y176C OE	N1090	Sept 7th 2017	0.486263812	0.217136671	2235.178	709													
18. Y176C OE	N1091	Sept 7th 2017	0.247561001	0.212693254	3796.919	1007													
18. Y176C OE	N1092	Sept 7th 2017	0.290574349	0.147224337	2515.189	457													
18. Y176C OE	N1093	Sept 7th 2017	0.220822686	0.265497796		540													
18. Y176C OE	N1094	Sept 7th 2017	0.310057126	0.341376027															
18. Y176C OE	N1095	Sept 7th 2017	0.152889455	0.112326946															
18. Y176C OE	N1096	Sept 7th 2017	0.323201056	0.245814888															
18. Y176C OE	N1097	Nov 29th 2017	0.442102824	0.232739188	2567.208	161.969													
18. Y176C OE	N1098	Nov 29th 2017	0.730823574	0.251300738	1121.711	237.94													
18. Y176C OE	N1099	Nov 29th 2017	0.522211637	0.303447302	1894.771	334.736													
18. Y176C OE	N1100	Nov 29th 2017	0.26317554	0.155893791	1261.027	335.893													
18. Y176C OE	N1101	Nov 29th 2017	0.564331454	0.247186505	1744.341	257.994													
18. Y176C OE	N1102	Nov 29th 2017	0.328615143	0.189933523	1772.001	517.53													
18. Y176C OE	N1103	Nov 29th 2017	0.772474444	0.286494643	1698.075	480.509													
18. Y176C OE	N1104	Nov 29th 2017			2276.121	370.601													
18. Y176C OE	N1105	Nov 29th 2017			2950.316	245.268													
18. Y176C OE	N1106	Nov 29th 2017			3789.045	239.483													
18. Y176C OE	N1107	Nov 29th 2017			1626.966	433.075													
18. Y176C OE	N1108	Nov 29th 2017			2265.729	476.267													
18. Y176C OE	N1109	Nov 29th 2017			2167.31	284.217													
18. Y176C OE	N1110	Nov 29th 2017			2432.14	349.005													
18. Y176C OE	N1111	Nov 29th 2017			2605.037	382.556													
18. Y176C OE	N1112	Mar 21st 2018	0.196495998	0.106214053	1432.832	281.132													
18. Y176C OE	N1113	Mar 21st 2018	0.115630248	0.104349248	1338.918	252.98													
18. Y176C OE	N1114	Mar 21st 2018			780.161	237.555													
18. Y176C OE	N1115	Mar 21st 2018	0.265088541	0.193110858	1761.718	372.529													
18. Y176C OE	N1116	Mar 21st 2018	0.219941659	0.24390966	1346.431	362.888													
18. Y176C OE	N1117	Mar 21st 2018	0.166373496	0.145198688	907.618	239.869													
18. Y176C OE	N1118	Mar 21st 2018	0.397683326	0.212322454	1191.946	212.874													
18. Y176C OE	N1119	Mar 21st 2018			898.925	254.909													
18. Y176C OE	N1120	Mar 21st 2018	0.234311839	0.225368639	1048.886	207.86													
18. Y176C OE	N1121	Mar 21st 2018	0.28760106	0.175061515	1728.044	415.721													
19. D268E OE	N1122	Aug 8th 2017	0.203551982	0.082438553	2183.221	241.668													
19. D268E OE	N1123	Aug 8th 2017	0.235910452	0.264382403		248.524													
19. D268E OE	N1124	Aug 8th 2017	0.217501215	0.10587795	2819.497	292.059													
19. D268E OE	N1125	Aug 8th 2017	0.11571354	0.130065607	2332.232	385.47													
19. D268E OE	N1126	Aug 8th 2017	0.152958103	0.13578099	1763.077	283.146													
19. D268E OE	N1127	Aug 8th 2017	0.291759073	0.098503867	3415.564	287.602													
19. D268E OE	N1128	Aug 8th 2017	0.23968323	0.206432377	1175.253	228.128													
19. D268E OE	N1129	Aug 8th 2017	0.274424094	0.200217579	2880.727	366.959													
19. D268E OE	N1130	Aug 8th 2017	0.272007616	0.168004704	1909.704	247.324													
19. D268E OE	N1131	Aug 8th 2017	0.241097107	0.185606503	1362.98	174.481													
19. D268E OE	N1132	Sept 7th 2017	0.19543218	0.244290225	1344.68	466													
19. D268E OE	N1133	Sept 7th 2017	0.138501925	0.357528224	2740.459	760													
19. D268E OE	N1134	Sept 7th 2017	0.100887047	0.192010831	1284.743	482													
19. D268E OE	N1135	Sept 7th 2017	0.080886181	0.19703044	1778.821	765													
19. D268E OE	N1136	Sept 7th 2017	0.117941256	0.229507308	570.855	662													
19. D268E OE	N1137	Sept 7th 2017	0.168391858	0.287256699	769.268	625													
19. D268E OE	N1138	Sept 7th 2017	0.136730451	0.208619657	1455.28	510													
19. D268E OE	N1139	Sept 7th 2017	0.251128959	0.367724547		637													
19. D268E OE	N1140	Sept 7th 2017	0.170053969	0.356640962															
19. D268E OE	N1141	Sept 7th 2017	0.116855652	0.232677184															
19. D268E OE	N1142	Nov 29th 2017	0.377697892	0.175399763	1790.994	309.67													
19. D268E OE	N1143	Nov 29th 2017	0.454595832	0.161550585	1999.906	213.645													
19. D268E OE	N1144	Nov 29th 2017	0.59361629	0.216769994	624.405	229.456													
19. D268E OE	N1145	Nov 29th 2017	0.402909874	0.291377729	789.001	317.383													
19. D268E OE	N1146	Nov 29th 2017	0.383610426	0.287104658	1901.994	220.587													
19. D268E OE	N1147	Nov 29th 2017	0.403858255	0.03756821	1046.704	245.268													
19. D268E OE	N1148	Nov 29th 2017	0.295218331	0.199706518	1497.414	242.954													
19. D268E OE	N1149	Nov 29th 2017	0.410630594	0.118451133	3490.229	244.882													
19. D268E OE	N1150	Nov 29th 2017	0.756600385	0.330615294	1716.916	368.673													
19. D268E OE	N1151	Nov 29th 2017	0.614557519	0.262311136	874.764	308.127													
19. D268E OE	N1152	Nov 29th 2017	0.160004168	0.271634982	1526.84	312.755													
19. D268E OE	N1153	Nov 29th 2017	0.332088524	0.180455651	2295.459	187.036													
19. D268E OE	N1154	Nov 29th 2017	0.273267678	0.102918996	1724.686														
19. D268E OE	N1155	Nov 29th 2017	0.267817428	0.051234638	2060.343														
19. D268E OE	N1156	Nov 29th 2017	0.512684052	0.230619124															
19. D268E OE	N1157	Nov 29th 2017	0.322638964	0.150194001															
19. D268E OE	N1158	Nov 29th 2017	0.577224375	0.155758958															
19. D268E OE	N1159	Nov 29th 2017	0.477260226	0.199917722															
19. D268E OE	N1160	Nov 29th 2017	0.539228903	0.184328247															
20. D326N OE	N1161	Aug 8th 2017	0.33930062	0.271740762	1565.379	265.15													
20. D326N OE	N1162	Aug 8th 2017	0.197490216	0.167339038	1716.973	256.408													
20. D326N OE	N1163	Aug 8th 2017	0.20979214	0.156423964	2888.268	160.941													
20. D326N OE	N1164	Aug 8th 2017	0.283853875	0.203571971	1633.982	530.642													
20. D326N OE	N1165	Aug 8th 2017	0.210187204	0.111968884	3175.879	569.206													
20. D326N OE	N1166	Aug 8th 2017	0.185356561	0.074413218	2372.062														
20. D326N OE	N1167	Aug 8th 2017	0.270456694	0.209656352	1937.59	319.311													
20. D326N OE	N1168	Aug 8th 2017	0.380313064	0.126771021	2820.422														
20. D326N OE	N1169	Aug 8th 2017	0.318807345	0.168873198	3326.586	552.238													
20. D326N OE	N1170	Aug 8th 2017	0.371559219	0.293211269	1155.846	258.808													
20. D326N OE	N1171	Aug 22nd 2017	0.448578617	0.222250315	1038.263	762.222													
20. D326N OE	N1172	Aug 22nd 2017	0.378702544	0.177642984	904.674	929.708													
20. D326N OE	N1173	Aug 22nd 2017	0.516553258	0.193301376	1997.475	806.463													
20. D326N OE	N1174	Aug 22nd 2017	0.34099123	0.14627479	1263.181	798.247													
20. D326N OE	N1175	Aug 22nd 2017	0.411103799	0.112768056	1708.13	653.513													
20. D326N OE	N1176	Aug 22nd 2017	0.363302861	0.196443892	499.804	478.443													
20. D326N OE	N1177	Aug 22nd 2017	0.90917689	0.478995878	1640.335	369.102													
20. D326N OE	N1178	Aug 22nd 2017	0.826121434	0.267375402	722.541	611.8													
20. D326N OE	N1179	Aug 22nd 2017			1070.21	749.581													
20. D326N OE	N1180	Aug 22nd 2017			1499.419	1289.962													
20. D326N OE	N1181	Sept 7th 2017	0.286900077	0.298854247	2978.742	678													
20. D326N OE	N1182	Sept 7th 2017	0.285210296	0.297610744	1601.974	555													
20. D326N OE	N1183	Sept 7th 2017	0.381422278	0.197822402	2881.34	548													
20. D326N OE	N1184	Sept 7th 2017	0.3387741	0.325553648	3144.317	469													
20. D326N OE	N1185	Sept 7th 2017	0.219709834	0.273706319	1408.01	876													
20. D326N OE	N1186	Sept 7th 2017	0.20277971	0.150974675	4169.806	479													
20. D326N OE	N1187	Sept 7th 2017	0.288591236	0.323096709	1899.214	659													
20. D326N OE	N1188	Sept 7th 2017	0.246750603	0.208709885	2105.77	403													
20. D326N OE	N1189	Sept 7th 2017	0.217911561	0.258930208		576													
20. D326N OE	N1190	Sept 7th 2017	0.228717979	0.262463255		949													
20. D326N OE	N1191	Nov 29th 2017	0.351925732	0.03640611	3276.821	376.386													
20. D326N OE	N1192	Nov 29th 2017	0.743751374	0.21978092	2349.076	485.522													
20. D326N OE	N1193	Nov 29th 2017	0.856083952	0.324173985	1601.63	588.874													
20. D326N OE	N1194	Nov 29th 2017	0.54012952	0.269755407	5081.447	313.526													
20. D326N OE	N1195	Nov 29th 2017	0.357450525	0.157038934	2476.685	441.173													
20. D326N OE	N1196	Nov 29th 2017	0.385415223	0.205185082	2003.354	468.168													
20. D326N OE	N1197	Nov 29th 2017	0.238740216	0.175076158	1940.339	369.83													
20. D326N OE	N1198	Nov 29th 2017	0.676371419	0.232187203	1609.721	259.536													
20. D326N OE	N1199	Nov 29th 2017	0.813997335	0.307742283	1354.385	253.366													
20. D326N OE	N1200	Nov 29th 2017	0.496655778	0.194724072	1459.764	236.784													
20. D326N OE	N1201	Nov 29th 2017	0.847742109	0.468601166	1025.028	504.033													
20. D326N OE	N1202	Nov 29th 2017	0.66798879	0.489858446	4885.296	312.369													
20. D326N OE	N1203	Nov 29th 2017	0.526764133	0.294987915	2656.965	362.117													
20. D326N OE	N1204	Nov 29th 2017			1870.15	448.115													
21. Q171E OE	N1205	Sept 13th 2017	0.257890212	0.21559076	2923.659	320.682													
21. Q171E OE	N1206	Sept 13th 2017	0.201040122	0.128153066	1174.617	193.849													
21. Q171E OE	N1207	Sept 13th 2017	0.510591989	0.231070827	1199.501	151.343													
21. Q171E OE	N1208	Sept 13th 2017	0.5116926	0.248778723	2477.089	221.786													
21. Q171E OE	N1209	Sept 13th 2017	0.198754088	0.165386613	2344.019	152.542													
21. Q171E OE	N1210	Sept 13th 2017	0.118496891	0.100327367	3508.837	239.269													
21. Q171E OE	N1211	Sept 13th 2017	0.213128505	0.18358594	3205.429	157.684													
21. Q171E OE	N1212	Sept 13th 2017	0.214373426	0.17170687	2041.321	173.453													
21. Q171E OE	N1213	Sept 13th 2017	0.342741886	0.226850745	3180.777	183.908													
21. Q171E OE	N1214	Sept 13th 2017	0.284895666	0.250152292	1075.819	220.587													
21. Q171E OE	N1215	Sept 13th 2017	0.291540432	0.168614802	2295.946														
21. Q171E OE	N1216	Nov 29th 2017	0.420507464	0.273818814	1535.642	467.011													
21. Q171E OE	N1217	Nov 29th 2017	0.491431269	0.137311678	1509.663	356.332													
21. Q171E OE	N1218	Nov 29th 2017	0.875892272	0.213800476	1840.544	323.938													
21. Q171E OE	N1219	Nov 29th 2017	0.373081994	0.412353783	2002.052	304.656													
21. Q171E OE	N1220	Nov 29th 2017	0.486651134	0.16389805	1737.655	186.65													
21. Q171E OE	N1221	Nov 29th 2017	0.264660151	0.099247556	2523.783	463.155													
21. Q171E OE	N1222	Nov 29th 2017	0.604387603	0.216076397	1648.755	288.074													
21. Q171E OE	N1223	Nov 29th 2017	0.328113043	0.131699353	3426.069	314.297													
21. Q171E OE	N1224	Nov 29th 2017	0.427470217	0.30600327	2218.12	271.491													
21. Q171E OE	N1225	Nov 29th 2017	0.821421598	0.186278668	1448.929	302.728													
21. Q171E OE	N1226	Nov 29th 2017	0.768479808	0.283684921	1934.034	300.029													
21. Q171E OE	N1227	Nov 29th 2017	0.530549271	0.254602667	1482.345	399.524													
21. Q171E OE	N1228	Nov 29th 2017	0.493494403	0.246137949	1913.604	366.745													
21. Q171E OE	N1229	Nov 29th 2017	0.347723176	0.271468093	2164.665	227.143													
21. Q171E OE	N1230	Nov 29th 2017	0.49415362	0.146391354	2431.613	288.845													
21. Q171E OE	N1231	Nov 29th 2017	0.579677466	0.293127017	1670.434	333.579													
21. Q171E OE	N1232	Nov 29th 2017	0.279592152	0.140787538	2309.393	453.514													
21. Q171E OE	N1233	Nov 29th 2017	0.285705978	0.142852989	2291.356	210.946													
21. Q171E OE	N1234	Nov 29th 2017	0.251842962	0.185513951	2137.565	233.698													
21. Q171E OE	N1235	Nov 29th 2017	0.284677157	0.073383445	941.642	387.569													
21. Q171E OE	N1236	Nov 29th 2017				392.583													
21. Q171E OE	N1237	Nov 29th 2017				300.029													
21. Q171E OE	N1238	Nov 29th 2017				399.138													
21. Q171E OE	N1239	Nov 29th 2017				296.944													